docid,firstpub,date,birthdate,recept,genretags,enumcron,nationality,gender,author,title
mdp.39015056795308,1749,1749,1749,,fic,v.1,,,"Fielding, Henry,",The history of Tom Jones
uc2.ark+=13960=t5h99113n,1913,1913,1913,,fic,,,,"Allen, Frances Newton Symmes.",The invaders
mdp.39015063516804,1703,1703,1703,,fic,,,,"Boyle, Robert,","Love and religion demonstrated in the martyrdom of Theodora, and of Didymus"
mdp.39015009144422,1703,1703,1703,,fic,,,,"Fernández, Jerónimo.",The honour of chivalry
DefoDSWfic,1702,1702,1661,,fic,,,,"Defoe, Daniel,",THE SHORTEST-WAY WITH THE DISSENTERS: OR PROPOSALS FOR THE ESTABLISHMENT OF THE CHURCH.
uc1.31822038199097,1703,1703,1703,,fic,,,,"Tutchin, John,","The second part of the mouse grown a rat, or, The story of the city and country mouse"
uc2.ark+=13960=t0js9xc1p,1702,1702,1702,,fic,,,,,"The infernal wanderer; or, The Devil ranging upon earth"
mdp.39015030155215,1703,1703,1703,,fic,,,,"La Calprenède, Gaultier de Coste,",The famous history of Cassandra
DefoDTRfic,1706,1706,1661,,fic,,,,"Defoe, Daniel,",A True Relation OF THE APPARITION OF ONE Mrs. VEAL The next Day after Her DEATH: TO ONE Mrs. BARGRAVE At Canterbury. The 8th of September 1705.
dul1.ark+=13960=t3611qj21,1709,1709,1709,,fic,v.1,,,"Manley,","Secret memoirs and manners of several persons of quality, of both sexes. From the New Atalantis, an island in the Mediteranean. Written originally in Italian"
mdp.39015062920262,1706,1706,1706,,fic,,,,"Phalaris,",The epistles of Phalaris
nnc1.0112055441,1708,1708,1708,,fic,,,,,Turkish tales
dul1.ark+=13960=t53f5fj6x,1709,1709,1709,,fic,v.2,,,"Manley,","Secret memoirs and manners of several persons of quality, of both sexes. From the New Atalantis, an island in the Mediteranean. Written originally in Italian"
njp.32101068312121,1708,1708,1708,,fic,,,,"Aulnoy,",Memoirs of the court of England : in the reign of King Charles II
ArbuJATfic,1714,1714,1667,,fic,,,,"Arbuthnot, John,",AN APPENDIX TO THE HISTORY OF THE Crown-Inn: With a KEY to the Whole.
Anon10BAfic,1710,1710,1685,,fic,,,,,THE Banby Apes: OR The Monkeys Chattering to the Magpye.
ArbuJCHfic,1714,1714,1667,,fic,,,,"Arbuthnot, John,",A CONTINUATION OF THE HISTORY OF THE Crown-Inn: With CHARACTERS of some of the late SERVANTS; And the PROCEEDING of the TRUSTEES To the Coming of the New LANDLORD.
DefoDMCfic,1713,1713,1661,,fic,,,,"Defoe, Daniel,",MEMOIRS OF Count TARIFF &c.
ArbuJJBfic,1712,1712,1667,,fic,,,,"Arbuthnot, John,",JOHN BULL Still In His SENSES: BEING THE THIRD PART OF Law is a Bottomless-Pit.
DefoDBVfic,1711,1711,1661,,fic,,,,"Defoe, Daniel,",THE British Visions: OR ISAAC BICKERSTAFF Sen.
njp.32101036892782,1715,1715,1715,,fic,,,,"Manley,",The adventures of Rivella;
ButlSITfic,1716,1716,1691,,fic,,,,"Butler, Sarah, Mrs,",Irish TALES: OR Instructive HISTORIES for the happy Conduct of LIFE.
mdp.39015055067113,1715,1715,1715,,fic,,,,"Burnet, Thomas,",A second tale of a tub;
njp.32101068163359,1715,1715,1715,,fic,vol.1,,,"Ainsworth, William Harrison,","Preston fight; or, The insurrection of 1715"
njp.32101068163342,1715,1715,1715,,fic,vol.2,,,"Ainsworth, William Harrison,","Preston fight; or, The insurrection of 1715"
mdp.39015078548305,1722,1722,1722,,fic,v.2,,,"Defoe, Daniel,","The life, and strange surprizing adventures of Robinson Crusoe, of York, mariner"
mdp.39015022401338,1720,1720,1720,,fic,v.1-2,,,"Manley,",Secret memoirs and manners of several persons of quality of both sexes
uc1.31822038198719,1722,1722,1722,,fic,,,,"Defoe, Daniel,",The life and actions of Lewis Dominique Cartouche
mdp.39076006199025,1720,1720,1720,,fic,,,,"Defoe, Daniel,","The life, adventures, and pyracies, of the famous Captain Singleton"
mdp.39015013747905,1720,1720,1720,,fic,,,,"Defoe, Daniel,",The history of the life and adventures of Mr. Duncan Campbell
mdp.39015028161266,1721,1721,1721,,fic,,,,"La Motte,","One hundred new court fables, written for the instruction of princes, and a true knowledge of the world"
CareHPDfic,1727,1727,1687,,fic,,,,"Carey, Henry,",Pudding and Dumpling Burnt to POT. OR A COMPLEAT KEY TO THE DISSERTATION ON DUMPLING. WHEREIN All the MYSTERY of that dark Treatise is brought to Light; in such a Manner and Method that the meanest Capacity may know who and who's together.
ArbuJASfic,1728,1728,1667,,fic,,,,"Arbuthnot, John,",An ACCOUNT of the State of Learning IN THE Empire of Lilliput.
mdp.39015063923349,1727,1727,1727,,fic,,,,"Haywood, Eliza Fowler,",The secret history of the present intrigues of the court of Caramania
mdp.39015065780689,1727,1727,1727,,fic,v.2,,,"Scarron,",The whole comical works of Mons. Scarron
mdp.39015062655603,1726,1726,1726,,fic,v.2,,,"Swift, Jonathan,",Travels into several remote nations of the world
mdp.39015012332329,1728,1728,1728,,fic,,,,"Cervantes Saavedra, Miguel de,","A collection of select novels, written originally in Castillian"
njp.32101068776283,1732,1732,1732,,fic,vol. 1,,,"Terrasson, Jean,",The life of Sethos
mdp.39015036670894,1732,1732,1732,,fic,,,,,The fair concubine
mdp.39015010801531,1730,1730,1730,,fic,,,,,Royal remarks;
dul1.ark+=13960=t3bz6x292,1733,1733,1733,,fic,,,,"Tyssot de Patot, Simon,",The travels and adventures of James Massey
njp.32101037603568,1732,1732,1732,,fic,,,,"Oldmixon,","Court tales: or, A history of the amours of the present nobility"
mdp.39015078548024,1734,1734,1734,,fic,,,,"Chetwood, W. R.","The voyages, dangerous adventures, and imminent escapes of Capt. Rich. Falconer"
mdp.39015014802865,1739,1739,1739,,fic,v.2,,,"Pétis de La Croix, François,","The Persian and Turkish tales, compleat"
ucm.5329037873,1736,1736,1736,,fic,,,,,"Secret memoirs and manners of several persons of quality, of both sexes from the New Atlantis, Island in the Mediteranean ; written originally in italian ; Vol. II"
njp.32101075727758,1739,1739,1739,,fic,v.1,,,"Pétis de La Croix, François,","The Persian and Turkish tales, compleat"
mdp.39015063915196,1739,1739,1739,,fic,,,,"Cibber, Theophilus,",Four original letters
uc2.ark+=13960=t80k27z1j,1738,1738,1738,,fic,,,,"Clarke, Alured,","An essay towards the character of Her late Majesty Caroline, Queen-Consort of Great Britain, & c"
nnc1.0113360361,1739,1739,1739,,fic,v.3,,,"Aubin, Penelope,","A collection of entertaining histories and novels, designed to promote the cause of virtue and honour"
uc2.ark+=13960=t10p1b78g,1742,1742,1742,,fic,v.1,,,,The life and exploits of the ingenious gentleman Don Quixote de la Mancha
RichSPOfic,1742,1742,1689,,fic,,,,"Richardson, Samuel,",PAMELA: OR Virtue Rewarded. In a SERIES of FAMILIAR LETTERS From a Beautiful Young DAMSEL to her PARENTS: And afterwards In her EXALTED CONDITION BETWEEN HER and Persons of Figure and Quality UPON THE MOST Important and Entertaining Subjects In GENTEEL LIFE.
hvd.hn3g21,1740,1740,1740,,fic,v.1,,,"Cervantes Saavedra, Miguel de,","The history of the valorous and wity-knight-errant, Don-Quixote of the Mancha"
njp.32101069179230,1743,1743,1743,,fic,vol. 3,,,"Gomez,",La belle assemblée
uc2.ark+=13960=t46q1tv2g,1741,1741,1741,,fic,,,,"Lambert de Saumery, Pierre,",The devil turn'd hermit
mdp.39015078561266,1743,1743,1743,,fic,,,,"Defoe, Daniel,","The pleasant, and surprizing adventures of Mr. Robert Drury, during his fifteen years captivity on the island of Madagascar"
RichSCOfic,1748,1748,1689,,fic,,,,"Richardson, Samuel,",CLARISSA. OR THE HISTORY OF A YOUNG LADY: Comprehending The most Important Concerns of Private LIFE. And particularly shewing The DISTRESSES that may attend the Misconduct Both of PARENTS and CHILDREN In Relation to MARRIAGE. Published by the EDITOR of PAMELA. VOL. I.
dul1.ark+=13960=t6d22ng55,1749,1749,1749,,fic,v.2,,,"Smollett, T.",The history and adventures of an atom
mdp.39015056795324,1749,1749,1749,,fic,v.3,,,"Fielding, Henry,",The history of Tom Jones
RichSCO2fic,1748,1748,1689,,fic,,,,"Richardson, Samuel,",CLARISSA. OR THE HISTORY OF A YOUNG LADY: Comprehending The most Important Concerns of Private LIFE. And particularly shewing The DISTRESSES that may attend the Misconduct Both of PARENTS and CHILDREN In Relation to MARRIAGE. Published by the EDITOR of PAMELA. VOL. II.
njp.32101072915216,1745,1745,1745,,fic,vol.1,,,"Caylus, Anne Claude Philippe,",Oriental tales
SmolTARfic,1748,1748,1721,,fic,,,,"Smollett, Tobias George,",THE ADVENTURES OF Roderick Random.
RichSHS2fic,1753,1753,1689,,fic,,,,"Richardson, Samuel,",THE HISTORY OF Sir CHARLES GRANDISON. IN A SERIES of LETTERS Published from the ORIGINALS By the Editor of PAMELA and CLARISSA.
ucm.5320262243,1754,1754,1754,,fic,,,,"Hallifax, Charles.",Familiar letters on various subjects of business and amusement
RichSHS4fic,1753,1753,1689,,fic,,,,"Richardson, Samuel,",THE HISTORY OF Sir CHARLES GRANDISON. IN A SERIES of LETTERS Published from the ORIGINALS By the Editor of PAMELA and CLARISSA.
mdp.39015078562298,1751,1751,1751,,fic,v.2,,,"Paltock, Robert,","The life and adventures of Peter Wilkins, a Cornish man"
nyp.33433074913629,1751,1751,1751,,fic,v. 3,,,"Haywood, Eliza Fowler,",The history of Miss Betsy Thoughtless
nyp.33433074948542,1752,1752,1752,,fic,v. 1,,,"Lennox, Charlotte,","The female Quixote; or, The adventures of Arabella"
mdp.39015065793286,1758,1758,1758,,fic,v.2,,,"Mouhy, Charles de Fieux,",The fortunate country maid
nyp.33433074913330,1758,1758,1758,,fic,,,,"Fielding, Sarah,",The lives of Cleopatra and Octavia
GrifRSGfic,1757,1757,1732,,fic,,,,"Griffith, Richard, d. 1788,",A SERIES of Genuine LETTERS BETWEEN HENRY AND FRANCES.
CharCLTfic,1758,1758,1713,,fic,,,,"Charke, Charlotte,",THE LOVER'S TREAT: OR Unnatural Hatred. BEING A True NARRATIVE as deliver'd to the Author by one of the Family who was principally concern'd in the following Account.
nyp.33433074913595,1755,1755,1755,,fic,v. 1,,,"Haywood, Eliza Fowler,",The invisible spy
mdp.39015078562306,1755,1755,1755,,fic,,,,"Morris, Drake, pseud.","The travels of Mr. Drake Morris, merchant in London"
dul1.ark+=13960=t75t4h262,1764,1764,1764,,fic,v.1,,,,"The memoirs of Miss D'Arville; or, The Italian female philosopher"
mdp.39015067220148,1761,1761,1761,,fic,,,,"Hagen, Lorentz",Anecdotes concerning the famous John Reinhold Patkul: or
MacpJBLfic,1762,1762,1736,,fic,,,,"Macpherson, James,",THE BATTLE of LORA. A POEM WITH Some FRAGMENTS written in the ERSE or IRISH LANGUAGE BY OSSIAN the SON of FINGAL.
uc2.ark+=13960=t5t728v3r,1763,1763,1763,,fic,v.2,,,"Smollett, T.",The adventures of Peregrine Pickle
nnc1.1002351560,1761,1761,1761,,fic,v.1,,,"Morell, Charles,","The history of James Lovegrove, esq"
StevGHTfic,1760,1760,1710,,fic,,,,"Stevens, George Alexander,",THE HISTORY OF TOM FOOL.
mdp.39015063616984,1767,1767,1767,,fic,v.1,,,"Johnstone, Charles,",The reverie;
nyp.33433074909932,1765,1765,1765,,fic,,,,"Defoe, Daniel,","The life and adventures of the famous Moll Flanders, who was born in Newgate"
nyp.33433074918735,1769,1769,1769,,fic,v. 1,,,"Tooke, William,",The loves of Othniel and Achsah
ucm.5320262557,1767,1767,1767,,fic,,,,"Kelly, Hugh,",Memoirs of a Magdalen or The history of Louisa Mildway
mdp.39015057157748,1766,1766,1766,,fic,v.1,,,"Elie de Beaumont,","The history of the Marquis de Roselle, in a series of letters"
nyp.33433074923081,1767,1767,1767,,fic,v. 3-4,,,"Johnstone, Charles.","Chrysal; or, The adventures of a guinea"
njp.32101041469998,1773,1773,1773,,fic,,,,"Arnaud, François-Thomas-Marie de Baculard d',",The tears of sensibility;
mdp.39015007004024,1771,1771,1771,,fic,v.1,,,"Haywood, Eliza Fowler,",The female spectator
hvd.hn4q7d,1771,1771,1771,,fic,vol.4,,,"Cervantes Saavedra, Miguel de,",The history of the renowned Don Quixote de la Mancha
nyp.33433074930292,1771,1771,1771,,fic,v. 4,,,"Bridges, Thomas,",The adventures of a bank-note
nyp.33433074913611,1774,1774,1774,,fic,v. 2,,,"Graves, Richard,","The spiritual Quixote: or, The summer's ramble of Mr. Geoffry Wildgoose;"
hvd.hn4q7b,1771,1771,1771,,fic,vol.2,,,"Cervantes Saavedra, Miguel de,",The history of the renowned Don Quixote de la Mancha
PratMCC2fic,1777,1777,1749,,fic,,,,"Pratt, Mr. (Samuel Jackson),",CHARLES AND CHARLOTTE.
pst.000005236749,1778,1778,1778,,fic,v.1,,,"Le Sage, Alain René,",The adventures of Gil Blas of Santillane
PratMSO3fic,1779,1779,1749,,fic,,,,"Pratt, Mr. (Samuel Jackson),",SHENSTONE-GREEN; OR THE NEW PARADISE LOST.
PratMTT2fic,1779,1779,1749,,fic,,,,"Pratt, Mr. (Samuel Jackson),",THE TUTOR OF TRUTH. BY THE AUTHOR OF THE PUPIL OF PLEASURE &c. &c. IN TWO VOLUMES.
nyp.33433075813372,1775,1775,1775,,fic,v. 1,,,"Scarron,",The comic romance of Monsieur Scarron
BurnFEO2fic,1779,1779,1752,,fic,,,,"Burney, Fanny,",EVELINA; OR A YOUNG LADY'S ENTRANCE INTO THE WORLD.
hvd.hn62x5,1781,1781,1781,,fic,v.2,,,"Espenscheid, Gertrude E.",The masqued weddings;
HolcTFPfic,1783,1783,1745,,fic,,,,"Holcroft, Thomas,",THE FAMILY PICTURE; OR DOMESTIC DIALOGUES ON AMIABLE AND INTERESTING SUBJECTS; ILLUSTRATED BY HISTORIES ALLEGORIES TALES FABLES ANECDOTES &c. INTENDED TO STRENGTHEN AND INFORM THE MIND. BY THOMAS HOLCROFT AUTHOR OF DUPLICITY A COMEDY.
mdp.39015065783840,1784,1784,1784,,fic,v.2 1784,,,"Paltock, Robert,","The life and adventures of Peter Wilkins, a Cornish man"
hvd.hn37mg,1780,1780,1780,,fic,v.1,,,"Pratt,","Shenstone-Green, or, The new Paradise lost"
nyp.33433081583183,1781,1781,1781,,fic,,,,Aesop.,Select fables of Esop & other fabulists
PratMEC3fic,1780,1780,1749,,fic,,,,"Pratt, Mr. (Samuel Jackson),",EMMA CORBETT; OR THE MISERIES OF CIVIL WAR.
nyp.33433074911532,1788,1788,1788,,fic,v. 4,,,"Smith, Charlotte,",Emmeline
nyp.33433007970456,1787,1787,1787,,fic,v. 3,,,"Smith, Charlotte,",The romance of real life
nyp.33433074916440,1789,1789,1789,,fic,v. 3,,,"Bennett,",Agnes de-Courci
njp.32101068162393,1787,1787,1787,,fic,vol.1,,,"Nicholson,",The village of Martindale
BerqMCF2fic,1788,1788,1747,,fic,,,,"Berquin, M. (Arnaud),",THE CHILDREN'S FRIEND.
BerkGSMfic,1787,1787,1763,,fic,,,,"Berkeley, George Monck,",SPANISH MEMOIRS; IN A SERIES OF ORIGINAL LETTERS. CONTAINING THE HISTORY OF DONNA ISABELLA DELLA VILLAREA NIECE TO DON JOHN TWENTIETH AND LAST DUKE OF ARANDINA.
njp.32101067567857,1792,1792,1792,,fic,vol. 2,,,"Fielding, Henry,",The history of Tom Jones
njp.32101036894333,1791,1791,1791,,fic,,,,"Yeo, James",Omar and Zemira;
njp.32101071963472,1790,1790,1790,,fic,vol. 2,,,"Rousseau, Jean-Jacques,","The confessions of J.J. Rousseau, citizen of Geneva"
nyp.33433067305254,1794,1794,1794,,fic,v. 6,,,"Addison, Joseph,","Interesting anecdotes, memoirs, allegories, essays, and poetical fragments; tending to amuse the fancy, and inculcate morality"
mdp.39015063931458,1794,1794,1794,,fic,v.5,,,"Gunning,",Memoirs of Mary
mdp.39015078549667,1790,1790,1790,,fic,v.1,,,"Defoe, Daniel,","The life and adventures of Robinson Crusoe, of York, mariner"
nyp.33433075821888,1797,1797,1797,,fic,v. 1,,,"Le Sage, Alain René,",The adventures of Gil Blas of Santillane
nnc1.0113413392,1797,1797,1797,,fic,v.3,,,,Memoirs of Mrs. Margaret Leeson
njp.32101072911959,1796,1796,1796,,fic,vol. 2,,,"Auvigny,",Memoirs of Madame de Barneveldt [pseud.]
MoreHCR28fic,1796,1796,1745,,fic,,,,"More, Hannah,",CHEAP REPOSITORY. THE HISTORY OF CHARLES JONES The FOOTMAN. WRITTEN by HIMSELF.
uc2.ark+=13960=t90864w4j,1798,1798,1798,,fic,v.10,,,"Sterne, Laurence,",The works of Laurence Sterne
nyp.33433075821896,1797,1797,1797,,fic,v. 2,,,"Le Sage, Alain René,",The adventures of Gil Blas of Santillane
mdp.39015078565473,1800,1800,1800,,fic,,,,"Swift, Jonathan,","The travels of Lemuel Gulliver, into several remote nations of the world;"
nyp.33433074968227,1801,1801,1801,,fic,,,,"Disraeli, Isaac,",Romances
uc1.b278751,1803,1803,1803,,fic,v.1,,,"Montjoye,",D'Aveyro;
dul1.ark+=13960=t4vh67297,1802,1802,1802,,fic,v.2,,,"Grafigny,",Letters of a Peruvian princess
nyp.33433074955364,1803,1803,1803,,fic,,,,"Reeve, Clara,",The two mentors
njp.32101068167186,1801,1801,1801,,fic,vol.2,,,"Dallas, Robert Charles,",Percival
nyp.33433087358531,1807,1807,1807,,fic,v. 5,,,,"Classic tales, serious and lively"
nyp.33433075798169,1807,1807,1807,,fic,,,,,The memoirs of Charles Westcote
mdp.39015063950250,1806,1806,1806,,fic,v.3,,,"Radcliffe, Ann Ward,",The mysteries of Udolpho
uiuo.ark+=13960=t9474p035,1805,1805,1805,,fic,v.1,,,"Charlton, Mary.",The homicide
uc1.b287480,1809,1809,1809,,fic,v. 1,,,"Moore, Thomas George.",The bachelor
uva.x000980249,1807,1807,1807,,fic,V.3,,,"Rabelais, François,",The works of Francis Rabelais
uiuo.ark+=13960=t6tx3wm62,1810,1810,1810,,fic,v.4,,,"Walsh,","The officer's daughter; or, A visit to Ireland in 1790"
nyp.33433075723415,1812,1812,1812,,fic,v. 1,,,"Watson,","Rosamund, countess of Clarenstein"
uc1.b112745,1811,1811,1811,,fic,v.4,,,"Mason, William,",The works of William Mason
uiuo.ark+=13960=t0zp4j72m,1811,1811,1811,,fic,v.3,,,Lady.,Julia de Vienne
nyp.33433075769988,1810,1810,1810,,fic,v. 3-4,,,"Porter, Anna Maria,",Don Sebastian;
njp.32101007065988,1814,1814,1814,,fic,vol.2,,,"Brunton, Mary,",Discipline;
pst.000007344923,1817,1817,1817,,fic,v.1,,,"Aulnoy,",Fairy tales and novels
uc2.ark+=13960=t6qz25r28,1816,1816,1816,,fic,v.2,,,"Espinel, Vicente,",The history of the life of the Squire Marcos de Obregon
uiuo.ark+=13960=t8gf19s26,1816,1816,1816,,fic,v.2,,,"Lamb, Caroline,",Glenarvon
uc2.ark+=13960=t9571c728,1816,1816,1816,,fic,v.01,,,"Ryley, S. W.",The itinerant;
uiuo.ark+=13960=t0ht3921z,1818,1818,1818,,fic,v.3,,,"Stanhope, Louisa Sidney.","The bandit's bride, or, The maid of Saxony. A romance"
nyp.33433074868542,1816,1816,1816,,fic,v. 2,,,"Hofland,",The affectionate brothers
mdp.39015065596887,1824,1824,1824,,fic,v.1,,,"Scott, Walter,",St. Ronan's well
nyp.33433075743546,1822,1822,1822,,fic,v. 2,,,"Scott, Walter,",The pirate
hvd.32044086796158,1822,1822,1822,,fic,v.1,,,"Anley, Charlotte.",Influence;
uc2.ark+=13960=t84j0kq44,1820,1820,1820,,fic,,,,"Brydges, Egerton,",Sir Ralph Willoughby
uiuo.ark+=13960=t0ms47n5n,1824,1824,1824,,fic,v.3,,,"M'Donogh, Felix,",The highlanders
uc2.ark+=13960=t1ng4nw76,1824,1824,1824,,fic,v.0001,,,"Calt, John,",Rothelan;
nyp.33433074955497,1826,1826,1826,,fic,v. 2,,,"Banim, John,",Tales by the O'Hara family
nyp.33433081694543,1826,1826,1826,,fic,,,,"Head, Francis Bond,",Rough notes taken during some rapid journeys across the Pampas and among the Andes
mdp.39015062286094,1829,1829,1829,,fic,v.1,,,"James, G. P. R.",Richelieu
njp.32101063578239,1828,1828,1828,,fic,,,,"Blackford,",The Eskdale herd-boy
nyp.33433075756050,1829,1829,1829,,fic,v. 2,,,"Sealsfield, Charles,","Tokeah; or, The white rose"
hvd.hwadb8,1829,1829,1829,,fic,v.12,,,"Scott, Walter,",The Waverley novels
nyp.33433074855077,1830,1830,1830,,fic,v. 2,,,"Galt, John,",Southennan
uiuo.ark+=13960=t5cc19268,1834,1834,1834,,fic,v.1,,,"Carleton, William,",Traits and stories of the Irish peasantry
nnc1.0022556605,1830,1830,1830,,fic,v.3,,,"Shelley, Mary Wollstonecraft,",The fortunes of Perkin Warbeck
hvd.32044009849225,1832,1832,1832,,fic,v.1,,,"Martineau, Harriet,",Illustrations of political economy
nyp.33433082294616,1832,1832,1832,,fic,v. 2,,,"Kennedy, John Pendleton,",Swallow barn
nyp.33433076057862,1833,1833,1833,,fic,v. 6,,,"Scott, Walter,",The complete works of Sir Walter Scott ;
mdp.39015039792554,1837,1837,1837,,fic,v.3,,,"Bird, Robert Montgomery,",Nick of the woods;
uiuo.ark+=13960=t9183k54p,1835,1835,1835,,fic,v.1,,,"Blessington, Marguerite,",The two friends;
hvd.hn5dnh,1839,1839,1839,,fic,,,,"Barbauld,",Lessons for children
njp.32101067178572,1835,1835,1835,,fic,vol.1,,,"Trollope, Frances Milton,",Tremordyn cliff
uiuo.ark+=13960=t01z4wd3v,1837,1837,1837,,fic,v. 3,,,"Disraeli, Benjamin,",Henrietta Temple
uiuo.ark+=13960=t23b6pc44,1836,1836,1836,,fic,v.1,,,"Sherer, Moyle,",The broken font
hvd.32044086829090,1844,1844,1844,,fic,,,,"James, G. P. R.",Arabella Stuart
uc2.ark+=13960=t0ms3k70m,1842,1842,1842,,fic,,,,"Sargent, Epes,",Wealth and worth;
nyp.33433088074210,1842,1842,1842,,fic,,,,"Bussey, George Moir.","Fables, original and selected"
hvd.hn5dpi,1841,1841,1841,,fic,,,,,"Charlie's discoveries, or, a good use for eyes and ears"
hvd.hn6ev6,1844,1844,1844,,fic,,,,"James, G. P. R.",Arrah Neil
wu.89099912115,1843,1843,1843,,fic,,,,"Bremer, Fredrika,","Strife and peace, or, scenes in Norway. The H... family. The Bondmaid. Axel and Anna. The home, or, family cares and family joys. A diary"
nnc1.1002109794,1847,1847,1847,,fic,,,,,"The buckskin; or, The camp of the besiegers"
uiuo.ark+=13960=t2v418x46,1849,1849,1849,,fic,v.3,,,"Murray, Hamilton.",Léonie Vermont
uiuo.ark+=13960=t8v98j32t,1845,1845,1845,,fic,v.2,,,"Gore,",The story of a royal favourite
uc2.ark+=13960=t0bv7c073,1847,1847,1847,,fic,,,,"Hall, S. C.,",Sketches of Irish character
nyp.33433081996344,1846,1846,1846,,fic,v. 16,,,"Scott, Walter,",Waverley novels
uc1.b4104597,1846,1846,1846,,fic,v.1,,,"Sewell, Elizabeth Missing,",Amy Herbert
nyp.33433074866009,1852,1852,1852,,fic,,,,"Howitt, Mary Botham,",Gabriel
njp.32101066457035,1852,1852,1852,,fic,v.2,,,"Cobbold, Richard.",Courtland
nyp.33433081863007,1851,1851,1851,,fic,,,,"Hagen, Ernst August,",Norica
nyp.33433084128390,1852,1852,1852,,fic,,,,"Grant, James,",The Scottish cavalier
nyp.33433068198542,1850,1850,1850,,fic,,,,"Burkhardt, Charles B.,",Fairy tales and legends of many nations
mdp.39015059408222,1852,1852,1852,,fic,,,,"James, G. P. R.",Pequinillo
uc2.ark+=13960=t47p8w13n,1856,1856,1856,,fic,,,,"Urbino, L. B.",The home angel
uc2.ark+=13960=t0ms3ms44,1859,1859,1859,,fic,v.31,,,"Lytton, Edward Bulwer Lytton,",Novels of Sir Edward Bulwer Lytton
uc1.b3327324,1855,1855,1855,,fic,,,,"Moodie, Susanna,",Geoffrey Moncton
nnc1.cu11683260,1856,1856,1856,,fic,v.9,,,"Cooper, James Fenimore,",Cooper's sea tales
nyp.33433076016918,1859,1859,1859,,fic,v. 23,,,"Cooper, James Fenimore,",Cooper's novels
uc1.b272927,1855,1855,1855,,fic,,,,,The Ladies' wreath
uiuo.ark+=13960=t9p27hj5m,1864,1864,1864,,fic,v.2,,,"Saunders, John,",Guy Waterman
wu.89099774549,1862,1862,1862,,fic,,,,,The cobler of Canterburie
nc01.ark+=13960=t7pn9kj22,1863,1863,1863,,fic,,,,"Hazelton, Harry.","The border spy, or, The beautiful captive of the rebel camp"
uiuo.ark+=13960=t7qn6pv8d,1861,1861,1861,,fic,v.3,,,"Oliphant,",The house on the moor
uiuo.ark+=13960=t4sj24h91,1861,1861,1861,,fic,v.2,,,"Radecliffe, Noell.",Wheel within wheel
dul1.ark+=13960=t50g4f66g,1863,1863,1863,,fic,,,,"Lytton, Edward Bulwer Lytton,",A strange story
uc2.ark+=13960=t80k29g9z,1867,1867,1867,,fic,,,,"Mühlbach, L.",Louisa of Prussia and her times
uc2.ark+=13960=t4rj4g518,1867,1867,1867,,fic,,,,"Jerrold, Douglas William,",The story of a feather
uc2.ark+=13960=t56d5rq50,1867,1867,1867,,fic,,,,"Ferguson, Samuel,",Father Tom and the Pope
yale.39002005758546,1866,1866,1866,,fic,,,,"Estabrooks, Henry L.",Adrift in Dixie;
nc01.ark+=13960=t9f48335q,1868,1868,1868,,fic,,,,"Dickinson, Anna E.",What answer?
uc2.ark+=13960=t57d2qw7z,1868,1868,1868,,fic,,,,,"The Canterbury bells; or, Scenes in the Belmont family"
uiuo.ark+=13960=t88g97d1g,1873,1873,1873,,fic,v.2,,,"Reid, Mayne,",The death shot
mdp.39015078559484,1870,1870,1870,,fic,,,,"Defoe, Daniel,",Aventures de Robinson Crusoe
uc2.ark+=13960=t54f1n16g,1870,1870,1870,,fic,,,,"Brewster, Anne Maria Hampton,","Compensation; or, Always a future"
nyp.33433082302898,1870,1870,1870,,fic,,,,"Follen, Eliza Lee Cabot,",True stories about dogs & cats
uc1.b3549864,1874,1874,1874,,fic,v.8,,,"Dickens, Charles,",The works of Charles Dickens
uc2.ark+=13960=t9b56ph68,1873,1873,1873,,fic,,,,"Jones, C. A.",The life of S. Elizabeth of Hungary
uc1.b3327247,1877,1877,1877,,fic,v. 23,,,"Wood, Henry,",Mrs. Wood's novels
uc2.ark+=13960=t8df6p47x,1876,1876,1876,,fic,,,,"Auerbach, Berthold,",On the heights;
uc1.b4104315,1878,1878,1878,,fic,,,,,Ponce de Leon
uc1.b111911,1876,1876,1876,,fic,,,,"Egan, Pierce,","The poor girl; or, The marchioness and her secret"
uiuo.ark+=13960=t81k00j7q,1876,1876,1876,,fic,v.1,,,"Payn, James,",Fallen fortunes
uc2.ark+=13960=t3708422b,1875,1875,1875,,fic,v.2,,,"Yonge, Charlotte M.",My young Alcides
uc2.ark+=13960=t6c24wq64,1881,1881,1881,,fic,,,,"Sewell, Elizabeth Missing,",Ivors
uc2.ark+=13960=t2v40x33f,1880,1880,1880,,fic,,,,"Moran, Michael, ca. 1794-1846.",The Zozimus papers
uc2.ark+=13960=t7gq6s478,1880,1880,1880,,fic,,,,"Hawthorne, Julian,","Yellow-cap, and other fairy-stories for children"
nyp.33433034410674,1881,1881,1881,,fic,,,,"Parr, Louisa,",Adam and Eve
mdp.39015063919131,1883,1883,1883,,fic,,,,"Hardy, Arthur Sherburne,",But yet a woman;
mdp.39015070200855,1880,1880,1880,,fic,v.5,,,,[Library of famous fiction]
uc1.b272819,1886,1886,1886,,fic,,,,"Cole, E. W.,",Fun doctor
mdp.39015073486428,1887,1887,1887,,fic,,,,"Henty, G. A.",A final reckoning
loc.ark+=13960=t9z03dr98,1888,1888,1888,,fic,,,,"Smedes, Susan Dabney,",Memorials of a southern planter
wu.89098024433,1885,1885,1885,,fic,,,,"Field, Alice Durand.",Palermo
mdp.39015063540234,1887,1887,1887,,fic,,,,"Baker, George Augustus,",Mrs. Hephaestus
uiuo.ark+=13960=t3pv6sw3b,1886,1886,1886,,fic,v.1,,,"Chetwynd, Henry Wayland,",Mrs. Dorriman
njp.32101071988149,1893,1893,1893,,fic,v.1,,,"Morris, Charles,",Tales from the dramatists
uc2.ark+=13960=t6736tw2g,1893,1893,1893,,fic,,,,"Black, William,","Judith Shakespeare, A romance"
nyp.33433074864905,1892,1892,1892,,fic,,,,"Glyn, Anna L.",Fifty pounds for a wife
uc2.ark+=13960=t11n81g52,1891,1891,1891,,fic,,,,"Lytton, Edward Bulwer Lytton,","Alice, or, The mysteries"
uc2.ark+=13960=t20c4wx8c,1894,1894,1894,,fic,,,,"Harraden, Beatrice,",Ships that pass in the night
mdp.39015021918225,1890,1890,1890,,fic,,,,"Southworth, Emma Dorothy Eliza Nevitte,",Fulfilling her destiny
uc2.ark+=13960=t3bz61m23,1895,1895,1895,,fic,,,,"Allen, Willis Boyd,",Christmas on wheels
uc2.ark+=13960=t79s1rz0g,1895,1895,1895,,fic,,,,"Hope, Anthony,",The god in the car
uc2.ark+=13960=t6tx3k58g,1895,1895,1895,,fic,,,,"Benson, E. F.",The judgment books
uc2.ark+=13960=t95719x5v,1898,1898,1898,,fic,,,,"Gale, James Scarth,",Korean sketches
uc2.ark+=13960=t6k07444r,1897,1897,1897,,fic,,,,"Wood, Henry,",Anne Hereford
uc2.ark+=13960=t3513vh35,1897,1897,1897,,fic,,,,"Griffith, George.",Briton or Boer?
nyp.33433074968516,1900,1900,1900,,fic,,,,"Dudeney, Henry,",Men of Marlowe's
nyp.33433074842240,1904,1904,1904,,fic,,,,"Cleveland, Treadwell.",A night with Alessandro
uc1.b3322733,1902,1902,1902,,fic,,,,"Henry, Alfred H.",By order of the prophet;
nyp.33433067316947,1900,1900,1900,,fic,v. 15-16,,,"Balzac, Honoré de,",The works of Honoré de Balzac
nyp.33433074863071,1901,1901,1901,,fic,,,,"Hewlett, Maurice,",The life and death of Richard Yea-and-Nay
uc2.ark+=13960=t0cv4k462,1903,1903,1903,,fic,,,,"Turgenev, Ivan Sergeevich,",Memoirs of a sportsman
mdp.39015055053725,1905,1905,1905,,fic,v.11,,,"De Berard, Frederick Brigham",Classic tales by famous authors;
nyp.33433076049513,1905,1905,1905,,fic,,,,"Reed, Helen Leah,",Amy in Acadia
uc1.31158011440285,1906,1906,1906,,fic,v.07,,,"Austen, Jane,",The novels and letters of Jane Austen;
wu.89077009413,1909,1909,1909,,fic,,,,"Major, Gertrude Keene.",The revelation in the mountain
uva.x000612349,1905,1905,1905,,fic,v.1,,,"Jókai, Mór,",Works of Maurus Jókai
uva.x001269529,1907,1907,1907,,fic,,,,"Sterling, Sara Hawks.",A lady of King Arthur's court
nyp.33433081936472,1914,1914,1914,,fic,,,,"Brown, Hypkin.",Farmer Bibbins
uc1.b5034661,1913,1913,1913,,fic,,,,"St. Mars, F.,",The prowlers
mdp.39015008883756,1914,1914,1914,,fic,,,,"Meredith, George,",Beauchamp's career
uc2.ark+=13960=t10p0xq9w,1914,1914,1914,,fic,,,,"Pearson, Edmund Lester,",The secret book
uc2.ark+=13960=t4nk37k3r,1910,1910,1910,,fic,,,,"Glyn, Elinor,",His hour
uva.x030833218,1918,1918,1918,,fic,,,,"Henry, O.,",Heart of the West
uc2.ark+=13960=t56d5pw5d,1918,1918,1918,,fic,,,,"Seltzer, Charles Alden,","""Firebrand"" trevison"
uva.x000208565,1917,1917,1917,,fic,,,,"London, Jack,",The call of the wild
uc2.ark+=13960=t53f4n73j,1915,1915,1915,,fic,,,,"Fisher, Dorothy Canfield,",Hillsboro people
nyp.33433076044662,1918,1918,1918,,fic,,,,"Shields, Gertrude M.",Caste three
wu.89007619018,1916,1916,1916,,fic,,,,"James, Henry,",The figure in the carpet
nyp.33433076046568,1920,1920,1920,,fic,,,,"White, William Patterson,",Paradise Bend
uc2.ark+=13960=t3vt1gz87,1920,1920,1920,,fic,v.2,,,"Schem, Lida Clara,",The hyphen
uc2.ark+=13960=t3416xb9g,1921,1921,1921,,fic,,,,"Bartlett, Thomas Patrick.",Confessions of a quack
mdp.39015061865930,1920,1920,1920,,fic,,,,"Coolidge, Dane,",Wunpost
loc.ark+=13960=t0ms3v61z,1920,1920,1920,,fic,,,,"Andrews, Mary Raymond Shipman,",The counsel assigned
uc2.ark+=13960=fk27941091,1922,1922,1922,,fic,,,,"Stradling, James M.",His talk with Lincoln;
mdp.39015030700630,1926,1926,1880,,fic,,,,"Kyne, Peter B. (Peter Bernard),",The understanding heart
mdp.39015008825781,1926,1926,1865,,fic,,,,"Baroness, Orczy, Emmuska Orczy,",Lady Molly of Scotland yard
mdp.39015063953122,1926,1926,1866,,fic,,,,"Von Arnim, Elizabeth,",Introduction to Sally
uc1.b3325647,1928,1928,1864,,fic,,,,"Asquith, Margot,",Octavia
uc1.$b236140,1928,1928,1893,,fic,,,,"Darling, Esther Birdsall.",The break-up
uc1.$b308020,1925,1925,1872,,fic,,,,"Wright, Harold Bell,",A son of his father
mdp.39015018012586,1934,1934,1888,,fic,,,,"Cronyn, George W. (George William),",The fool of Venus
mdp.39015003684050,1934,1934,1889,,fic,,,,"Frank, Waldo David,",The death and birth of David Markand
inu.30000041714357,1933,1933,1875,,fic,,,,"Buchan, John,",A prince of the captivity
mdp.39015063960127,1930,1930,1879,,fic,,,,"Vance, Louis Joseph,",Speaking of women
mdp.39015063992690,1932,1932,1885,,fic,,,,"Bush, Christopher,",Cut throat
mdp.39015063945003,1933,1933,1864,,fic,,,,"Mrs., Miln, Louise Jordan,",Peng Wee's harvest
mdp.39015002758004,1936,1936,1863,,fic,,,,"Santayana, George,",The last Puritan
uc1.$b117275,1938,1938,1891,,fic,,,,"Emerson, Caroline Dwight,",Indian hunting grounds
mdp.39015063934817,1936,1936,1865,,fic,,,,"Mason, A. E. W. (Alfred Edward Woodley),",Fire over England
uc1.$b299102,1939,1939,1906,,fic,,,,"Presnell, F. G. (Frank G.),",Send another coffin;
uc1.$b244478,1938,1938,1873,,fic,,,,"Richardson, Dorothy Miller,",Pilgrimage
inu.32000009050271,1937,1937,1859,,fic,,,,"Bacheller, Irving,",A boy for the ages
mdp.39076002248974,1944,1944,1883,,fic,,,,"Barne, Kitty,",Three and a pigeon
uc1.$b104337,1940,1940,1905,,fic,,,,"(Nina Nikolaevna) Fedorova, N. N.",The family
mdp.39015003676197,1942,1942,1879,,fic,,,,"Fletcher, Inglis,",Raleigh's Eden
uc1.$b312487,1944,1944,1900,,fic,,,,"Shedd, Margaret,",Inherit the earth
uc1.$b795539,1943,1943,1908,,fic,,,,"Litvinov, Ivy (Low)",Moscow mystery
uc1.b3295221,1941,1941,1903,,fic,,,,"Street, James H. (James Howell),",In my father's house
uc1.b3269803,1946,1946,1911,,fic,,,,"Bagnold, Enid.","Serena Blandish; or, The difficulty of getting married"
uc1.$b401314,1946,1946,1911,,fic,,,,"Shelley, Elsa.",Pick-up girl;
uc1.$b784311,1946,1946,1911,,fic,,,,"Grazebrook, Owen Francis.",Nicanor of Athens;
mdp.39015030709300,1948,1948,1910,,fic,,,,"Moorehead, Alan,",The rage of the vulture
mdp.39015030847415,1948,1948,1908,,fic,,,,"Balchin, Nigel,",The Borgia testament
mdp.39015059430143,1946,1946,1881,,fic,,,,"McFee, William,",In the first watch
mdp.39015046386457,1953,1953,1899,,fic,,,,"Hemingway, Ernest,",The Hemingway reader;
osu.32435064824212,1952,1952,1917,,fic,,,,"Steele, Jaclen.",The forbidden room
uc1.$b102764,1950,1950,1915,,fic,,,,"Graham, Alice Walworth.",The Natchez woman
uc1.b3687673,1953,1953,1903,,fic,,,,"Edmonds, Walter Dumaux,",The Boyds of Black River
mdp.39015053580778,1954,1954,1884,,fic,,,,"Duhamel, Georges,",Cry out of the depths;
uc1.$b102491,1952,1952,1912,,fic,,,,"Ham, Tom,",Give us this valley
uc1.$b104101,1959,1959,1924,,fic,,,,"Packard, Rosalie.",Love in the mist
mdp.39015014854155,1957,1957,1897,,fic,,,,"Synge, J. L. (John Lighton),",Kandelman's Krim
uc1.$b662453,1957,1957,1922,,fic,,,,"Gohr, Genady.",Professor Orochev's delusion
uc1.$b87170,1955,1955,1906,,fic,,,,"Corle, Edwin,",Fig Tree John
mdp.39015013763563,1957,1957,1918,,fic,,,,"Druon, Maurice,","The last detachment: the cadets of Saumur, 1940;"
uc1.b3116800,1956,1956,1921,,fic,,,,"Kavinoky, Bernice.",Honey from a dark hive
mdp.39076006983410,1964,1964,1917,,fic,,,,"Fall, Thomas,",Edge of manhood
mdp.39015014657020,1963,1963,1928,,fic,,,,"Stridsberg, Gusti F.",My five lives;
uc1.32106008218544,1961,1961,1925,,fic,,,,"Trocchi, Alexander,",The outsiders
mdp.39015013439073,1963,1963,1903,,bio,,,,"Croft-Cooke, Rupert,",The numbers came
mdp.39015031593315,1962,1962,1928,,fic,,,,"Li, Chun,",Not that road
uc1.$b120204,1967,1967,1932,,fic,,,,"Rumaker, Michael,","Gringos, and other stories"
uc1.$b404097,1968,1968,1934,,fic,,,,"Friedman, Roy,",The insurrection of Hippolytus Brandenberg
mdp.39015008563994,1969,1969,1902,,fic,,,,"Halldór Laxness,",World light (Heimsljós)
mdp.39015066050249,1969,1969,1934,,fic,,,,"Lurie, Alison.",Real people
uc1.$b104430,1966,1966,1902,,fic,,,,"Murphy, Robert William,","The phantom setter, and other stories"
uc1.$b391276,1967,1967,1916,,fic,,,,"Clark, William,",Number 10;
mdp.49015001288100,1971,1971,1919,,fic,,,,"Abrahams, Peter,","This island, now"
uc1.b4421500,1974,1974,1926,,fic,,,,"Buechner, Frederick,",Love feast
mdp.39015004264456,1973,1973,1938,,fic,,,,"Murdoch, Iris.",The black prince
inu.30000047754159,1973,1973,1935,,fic,,,,"Sagan, Françoise,",Wonderful clouds
inu.39000001879977,1970,1970,1935,,fic,,,,"Fakunle-Onadeko, Funmilayo.",The sacrificial child
mdp.39015024082805,1973,1973,1922,,fic,,,,"Beatty, Patricia,",Red rock over the river
mdp.39015032385885,1979,1979,1944,,fic,,,,"Sillitoe, Alan.",A start in life
mdp.39015014316601,1979,1979,1914,,fic,,,,"Schmidt, Arno,",The egghead republic
mdp.39015020686013,1978,1978,1943,,fic,v.2,,,"Zelazny, Roger.",The chronicles of Amber
mdp.39015000545841,1978,1978,1924,,fic,,,,"Petesch, Natalie L. M.,",Seasons such as these
mdp.39015066195192,1848,1848,1823,,fic,,,,"Heygate, William Edward.",William Blake
mdp.39015053400308,1979,1979,1944,,fic,,,,"Kaylin, Walter.",The power forward
mdp.39015027249575,1984,1984,1949,,fic,,,,"Elgin, Suzette Haden.",Native tongue
uc1.32106006535253,1982,1982,1910,,fic,,,,"Grade, Chaim,",Rabbis and wives
mdp.39015008874557,1982,1982,1947,,fic,,,,"Singh, Kit Puran.",Saraswattee
mdp.49015000902800,1980,1980,1937,,fic,,,,"Myers, Walter Dean,",The black pearl and The ghost
inu.39000001565519,1982,1982,1925,,fic,,,,"Durrell, Gerald,",The mockery bird
mdp.39015014190071,1984,1984,1948,,fic,,,,"Kilodney, Crad,",Pork College
mdp.39015016945886,1989,1989,1954,,fic,,,,"Moeri, Louise.",The forty-third war
mdp.39015019395048,1987,1987,1952,,fic,,,,"Gourlay, Elizabeth.",The celluloid barrette
mdp.39015010333279,1985,1985,1913,,fic,,,,"Davies, Robertson,",What's bred in the bone
mdp.39015047656510,1988,1988,1953,,fic,,,,"Gilliatt, Penelope.",A woman of singular occupation
mdp.39015012940808,1985,1985,1881,,fic,,,,"Colum, Padraic,",Selected short stories of Padraic Colum
mdp.39015014597762,1989,1989,1954,,fic,,,,"Minot, Susan.",Lust & other stories
mdp.39015032439062,1994,1994,1958,,fic,,,,"Bass, Rick,",Platte river
mdp.39015056801908,1991,1991,1956,,fic,,,,"Duffy, Brian.",Head count
mdp.39015031775284,1994,1994,1959,,fic,,,,"Canin, Ethan.",The palace thief
mdp.39015021871291,1991,1991,1956,,fic,,,,"Berberova, Nina Nikolaevna.",The tattered cloak and other novels
mdp.39015029222398,1992,1992,1957,,fic,,,,"Hotze, Sollace.",Acquainted with the night
mdp.39015018854433,1990,1990,1907,,fic,,,,"Moravia, Alberto,",Journey to Rome
mdp.39015045627083,1998,1998,1926,,fic,,,,"Fowles, John,",The magus
inu.30000067169916,1998,1998,1963,,fic,,,,"Botshelo, I. S.",Window of opportunity
mdp.39015053789957,1995,1995,1960,,fic,,,,"Rice, Jane.",The sixth dog
mdp.39015040067921,1997,1997,1962,,fic,,,,"Wojdowski, Bogdan",Bread for the departed
uc1.32106014838277,1999,1999,1931,,fic,,,,"Raphael, Frederic,",Coast to coast
inu.30000057462966,1996,1996,1961,,fic,,,,"Nwani, Uche.",Weekend flame
AulnMMCbio,1702,1702,1655,,bio,,,,"Aulnoy, Madame d' (Marie-Catherine),",MEMOIRS OF THE Court of France AND City of Paris: CONTAINING The Intrigues of that Court and the Characters of the Ministers of State and other Officers; Together With the Occurrences of the TOWN.
uc1.31822035066141,1702,1702,1702,,bio,<blank>,,,<blank>,The lives of the ancient philosophers
mdp.39015026114564,1702,1702,1702,,bio,<blank>,,,"Bacon, Francis,",Letters of Sr Francis Bacon ... written during the reign of King James the First
njp.32101074032044,1700,1700,1700,,bio,<blank>,,,Epictetus.,Epictetus his morals
nyp.33433067286165,1704,1704,1704,,bio,<blank>,,,"Perrault, Charles,","Characters historical and panegyrical of the greatest men that have appear'd in France, during the last century"
mdp.39015065167630,1702,1702,1702,,bio,<blank>,,,"Welwood, James,",Memoirs of the most material transactions in England
uc2.ark+=13960=t49p3bc37,1708,1708,1708,,bio,v.3,,,"Mackenzie, George,",The lives and characters of the most eminent writers of the Scots nation;
mdp.39015005344604,1706,1706,1706,,bio,v.2,,,"Rapin, René.",The whole critical works of Monsieur Rapin
uc2.ark+=13960=t4nk3n94m,1708,1708,1708,,bio,v.1,,,"Mackenzie, George,",The lives and characters of the most eminent writers of the Scots nation;
wu.89004565487,1705,1705,1705,,bio,<blank>,,,"Strype, John,","The life of the learned Sir John Cheke, kt.;"
mdp.39015022468642,1706,1706,1706,,bio,v.1,,,"Rapin, René.",The whole critical works of Monsieur Rapin
njp.32101061958524,1708,1708,1708,,bio,<blank>,,,"Desmaizeaux, Pierre,",The life of Mr. Bayle
mdp.39015062288264,1710,1710,1710,,bio,<blank>,,,"[Courtilz, Gatien de,$csieur de Sandras],",The memoirs of the Marq. de Langallerier
EllwTHLbio,1714,1714,1639,,bio,,,,"Ellwood, Thomas,",THE HISTORY OF THE LIFE OF Thomas Ellwood. Or an Account of his BIRTH EDUCATION &c. WITH Divers Observations on his Life and Manners when a Youth: And how he came to be Convinced of the Truth; with his many Sufferings and Services for the same. Also Several Other Remarkable Passages and Occurrences.
nyp.33433074806625,1714,1714,1714,,bio,<blank>,,,"Lockhart, George,",Memoirs concerning the affairs of Scotland from Queen Anne's accession to the throne
nyp.33433061844084,1712,1712,1712,,bio,<blank>,,,"Le Neve, John,","Memoirs British and foreign, of the lives and families of the most illustrious persons who dy'd in the year 1711"
mdp.39015048905510,1714,1714,1714,,bio,<blank>,,,<blank>,Memoirs of St. George
mdp.39015063962602,1714,1714,1714,,bio,<blank>,,,"Boyer, Abel,","Memoirs of the life and negotiations of Sir W. Temple, bar"
mdp.39015064338141,1719,1719,1719,,bio,<blank>,,,"Desmaizeaux, Pierre,",An historical and critical account of the life and writings of the ever-memorable Mr. John Hales
mdp.39015030656998,1718,1718,1718,,bio,<blank>,,,"Lee, Francis,",Memoirs of the life of Mr. John Kettlewell
njp.32101037039284,1715,1715,1715,,bio,<blank>,,,<blank>,Some account of the life and writings of ... Thomas Sprat
uc1.b182768,1719,1719,1719,,bio,v.2,,,"Jacob, Giles,","The poetical register: or, The lives and characters of all the English dramatick poets"
DefoDAGbio,1715,1715,1661,,bio,,,,"Defoe, Daniel,",AN ACCOUNT OF THE GREAT and GENEROUS ACTIONS OF James Butler ( Duke of Ormond.)
nyp.33433087373225,1716,1716,1716,,bio,v. 2,,,"Reeves, William,","The apologies of Justin Martyr, Tertullian, and Minutius Felix"
mdp.39015063801032,1723,1723,1723,,bio,<blank>,,,"Blackmore, Richard,","A true and impartial history of the conspiracy against the person and government of king William III of glorious memory, in the year 1695"
uc2.ark+=13960=t7sn04h6p,1720,1720,1720,,bio,<blank>,,,"Jacob, Giles,","An historical account of the lives and writings of our most considerable English poets, whether epick, lyrick, elegiack, epigramatists, &"
mdp.39015058457717,1723,1723,1723,,bio,<blank>,,,"Spelman, Henry,",The English works of Sir Henry Spelman
hvd.hxj9rz,1722,1722,1722,,bio,v.3,,,<blank>,Memoirs of literature
mdp.39015011940791,1720,1720,1720,,bio,v.4,,,"Brown, Thomas,",The works of Mr. Thomas Brown
mdp.39015039654705,1723,1723,1723,,bio,<blank>,,,"Atterbury, Francis,","The speech of Francis, late lord bishop of Rochester, at the bar of the House of lords, on Saturday the 11th of May, 1723"
HDLJbio,1725,1725,1700,,bio,,,,"H. D,",THE LIFE OF JONATHAN WILD FROM HIS BIRTH to his DEATH.
mdp.39015004077221,1725,1725,1725,,bio,v.3,,,"Boyle, Robert,",The philosophical works of the Honourable Robert Boyle esq
mdp.39015063618436,1729,1729,1729,,bio,<blank>,,,"Gibson,",Memoirs of Queen Anne
njp.32101067678431,1728,1728,1728,,bio,<blank>,,,"Colman, Benjamin,","Some of the glories of Our Lord and Saviour Jesus Christ, exhibited in twenty sacramental discourses, preached at Boston in New England"
mdp.39015004752112,1725,1725,1725,,bio,v.2,,,"Boyle, Robert,",The philosophical works of the Honourable Robert Boyle esq
uc2.ark+=13960=t6xw4qf2s,1726,1726,1726,,bio,<blank>,,,"Parkinson, Anthony,",Collectanea Anglo-minoritica
mdp.49015000475047,1730,1730,1730,,bio,<blank>,,,"Wilson, Charles",Memoirs of the life
mdp.39015062931624,1733,1733,1733,,bio,v.2,,,"Crusius, Lewis,",Lives of the Roman poets;
mdp.39015063885241,1734,1734,1734,,bio,<blank>,,,<blank>,"The life of Sir Robt. Cochran, prime-minister to King James III. of Scotland"
njp.32101054837693,1730,1730,1730,,bio,<blank>,,,"Laurence, Edward,","A dissertation on estates upon lives and years, whether in lay or church-hands"
uc2.ark+=13960=t11n80b6b,1733,1733,1733,,bio,v.1,,,"Krusiński, Tadeusz Jan,","The history of the late revolutions of Persia taken from the memoirs of Father Krusinski, procurator of the Jesuits at Ispahan ... Done into English, from the original, just publish'd ... at Paris"
uc2.ark+=13960=t45q4t64r,1733,1733,1733,,bio,v.2,,,"Krusiński, Tadeusz Jan,","The history of the late revolutions of Persia taken from the memoirs of Father Krusinski, procurator of the Jesuits at Ispahan ... Done into English, from the original, just publish'd ... at Paris"
mdp.39015063610573,1737,1737,1737,,bio,<blank>,,,"Budgell, Eustace,",Memoirs of the lives and characters of the illustrious family of the Boyles;
uva.x002650137,1739,1739,1739,,bio,V.4,,,"Pöllnitz, Karl Ludwig,","The memoirs of Charles-Lewis, Baron de Pollnitz"
uc2.ark+=13960=t7br8qz2n,1736,1736,1736,,bio,<blank>,,,"Bacon, Francis,",Original letters and memoirs
uva.x001328302,1739,1739,1739,,bio,V.1,,,"Pöllnitz, Karl Ludwig,","The memoirs of Charles-Lewis, Baron de Pollnitz"
yale.39002004756376,1737,1737,1737,,bio,v.4,,,"Pöllnitz, Karl Ludwig,","The memoirs of Charles-Lewis, Baron de Pöllnitz"
mdp.39015026498389,1737,1737,1737,,bio,v.1,,,"Pöllnitz, Karl Ludwig,","The memoirs of Charles-Lewis, baron de Pollnitz"
uc2.ark+=13960=t01z42z14,1743,1743,1743,,bio,v.1,,,"Lediard, Thomas,","The life of John, Duke of Marlborough"
mdp.39015074633259,1742,1742,1742,,bio,v.1,,,<blank>,The philosophical history and memoirs of the Royal academy of sciences at Paris
nyp.33433061843508,1743,1743,1743,,bio,<blank>,,,<blank>,"An historical, genealogical, and classical dictionary"
mdp.39015074633267,1742,1742,1742,,bio,v.5,,,<blank>,The philosophical history and memoirs of the Royal academy of sciences at Paris
BoreTHCbio,1742,1742,1717,,bio,,,,"Boreman, Thomas, fl. 1730-1743,",THE HISTORY OF CAJANUS THE Swedish GIANT From his BIRTH To the present Time.
hvd.hw20o5,1741,1741,1741,,bio,v.3,,,"Middleton, Conyers,",The history of the life of Marcus Tullius Cicero
uc2.ark+=13960=t3cz3gg8r,1747,1747,1747,,bio,<blank>,,,"Story, Thomas,",A journal of the life of Thomas Story
PilkLMMbio,1748,1748,1712,,bio,,,,"Pilkington, Laetitia,",MEMOIRS OF Mrs. Laetitia Pilkington WIFE TO THE Rev. Mr. Matthew Pilkington.
PilkLMM2bio,1748,1748,1712,,bio,,,,"Pilkington, Laetitia,",MEMOIRS OF Mrs. Laetitia Pilkington WIFE TO THE Rev. Mr. Matthew Pilkington.
mdp.39015012362979,1746,1746,1746,,bio,<blank>,,,<blank>,Memoirs of Elizabeth Farnesio
nnc1.0035683120,1747,1747,1747,,bio,v.1,,,<blank>,Memoirs of the Nutrebian court
hvd.hxe6c4,1748,1748,1748,,bio,<blank>,,,"Towgood, Micaiah,",An essay towards attaining a true idea of the character and reign of King Charles the First and the causes of the civil war
uva.x002483448,1754,1754,1754,,bio,v.2,,,"Flavel, John,",The whole works of the Reverend Mr. John Flavel
nyp.33433067275465,1753,1753,1753,,bio,v. 2,,,"Crusius, Lewis,",The lives of the Roman poets ;
mdp.39015078562470,1752,1752,1752,,bio,v.6,,,"Swift, Jonathan,",The works of D. Jonathan Swift
nyp.33433067275127,1753,1753,1753,,bio,v. 3,,,"Cibber, Theophilus,",The lives of the poets of Great Britain and Ireland
nyp.33433075880819,1754,1754,1754,,bio,v. 1,,,"Birch, Thomas,",Memoirs of the reign of Queen Elizabeth
mdp.39015073723382,1753,1753,1753,,bio,<blank>,,,"Blackwell, Thomas,",Memoirs of the court of Augustus
nyp.33433082404165,1755,1755,1755,,bio,v. 1,,,"Gordon, Alexander,","The history of Peter the Great, Emperor of Russia"
njp.32101073588053,1755,1755,1755,,bio,v.3,,,"Mottley, John,","The life of Peter the Great, emperor of all Russia"
uc2.ark+=13960=t2x351s87,1756,1756,1756,,bio,v.2,,,"Sully, Maximilien de Béthune,","Memoirs of Maximilian de Bethune, duke of Sully, prime minister to Henry the Great"
hvd.hn36fa,1758,1758,1758,,bio,<blank>,,,"Jortin, John,",The life of Erasmus
njp.32101068310976,1758,1758,1758,,bio,vol. 2,,,"Leland, Thomas,",The history of the life and reign of Philip;
mdp.39015058658850,1759,1759,1759,,bio,v.1,,,"Montaigne, Michel de,",The essays of Michel seigneur de Montaigne
loc.ark+=13960=t9s18kd3n,1761,1761,1761,,bio,<blank>,,,"Voltaire,",The works of M. de Voltaire
nyp.33433082542816,1761,1761,1761,,bio,V. 3 (CAL - CYR),,,<blank>,A New and general biographical dictionary
nyp.33433082542790,1761,1761,1761,,bio,v. 1 (AAR - AYL),,,<blank>,A New and general biographical dictionary
yale.39002008238660,1761,1761,1761,,bio,<blank>,,,"Scott, Sarah,","The history of Gustavus Ericson [i.e. Gustavus Vasa], King of Sweden"
nyp.33433082542881,1761,1761,1761,,bio,v. 9 (OBR - POPE),,,<blank>,A New and general biographical dictionary
uc2.ark+=13960=t5q81k84c,1761,1761,1761,,bio,v.2,,,"Sully, Maximilien de Béthune,",Memoirs of Maximilian de Bethune
uc2.ark+=13960=t77s80g80,1765,1765,1765,,bio,<blank>,,,"Gilpin, William,",The lives of John Wicliff and of the most eminent of his disciples;
mdp.39015065434881,1769,1769,1769,,bio,<blank>,,,"Ruffhead, Owen,","The life of Alexander Pope, esq"
mdp.39015073762042,1769,1769,1769,,bio,v.2 pt.1,,,"Granger, James,","A biographical history of England, from Egbert the Great to the Revolution"
mdp.39015073762034,1769,1769,1769,,bio,v.2 pt.2,,,"Granger, James,","A biographical history of England, from Egbert the Great to the Revolution"
uc1.31822009492745,1766,1766,1766,,bio,<blank>,,,"Nepos, Cornelius",Cornelii Nepotis Vitae excellentium imperatorum
mdp.39015039823516,1769,1769,1769,,bio,v.1,,,"Lyttelton, George Lyttelton,","The history of the life of King Henry the Second, and of the age in which he lived"
nyp.33433081651741,1770,1770,1770,,bio,<blank>,,,"Guines, Adrien Louis de Bonnières de Souastre,",Memorial of the Count de Guines
nyp.33433068243009,1774,1774,1774,,bio,<blank>,,,"Law, Edmund,",Considerations on the theory of religion
CradJLJbio,1773,1773,1742,,bio,,,,"Cradock, Joseph,",THE LIFE OF JOHN WILKES Esq In the Manner of PLUTARCH. BEING A SPECIMEN of a larger Work.
uc2.ark+=13960=t8pc2w08c,1770,1770,1770,,bio,v.4,,,"Sully, Maximilien de Béthune,","Memoirs of Maximilian de Bethune, Duke of Sully, prime minister of Henry the Great"
GlovRLDbio,1774,1774,1712,,bio,,,,"Glover, Richard,",THE LIFE OF Dr. OLIVER GOLDSMITH: WRITTEN FROM Personal Knowledge authentic Papers and other indubitable Authorities. TO WHICH ARE ADDED Such select Observations from various Parts of this Writer's Works as may tend to recreate the Fancy improve the Understanding and amend the Heart.
nyp.33433082377338,1771,1771,1771,,bio,<blank>,,,"Jemmat, Catherine,",The memoirs of Mrs. Catherine Jemmat
mdp.39015073729371,1775,1775,1775,,bio,v.3,,,"Joly, Guy,","Memoirs of Guy Joli, private secretary to Cardinal de Retz;"
njp.32101073818450,1776,1776,1776,,bio,vol. 5,,,<blank>,The British Plutarch
wu.89094686490,1779,1779,1779,,bio,v.3,,,"Granger, James,","A biographical history of England, from Egbert the Great to the revolution"
njp.32101073818468,1776,1776,1776,,bio,vol. 4,,,<blank>,The British Plutarch
uc2.ark+=13960=t7vm4hn0x,1777,1777,1777,,bio,v.1,,,"Jones, William,","Observations in a journey to Paris by way of Flanders, in the month of August 1776"
njp.32101067675437,1777,1777,1777,,bio,v.2,,,Clement,Interesting letters of Pope Clement XIV (Ganganelli)
nyp.33433082406186,1780,1780,1780,,bio,<blank>,,,"Cornish, Joseph,","The life of Mr. Thomas Firmin, citizen of London"
pst.000020016562,1784,1784,1784,,bio,v.5,,,<blank>,A new and general biographical dictionary
nyp.33433075902258,1784,1784,1784,,bio,v. 1,,,"Noble, Mark,",Memoirs of the protectorate-house of Cromwell
nyp.33433076092315,1783,1783,1783,,bio,v. 5,,,"Fielding, Henry,","The works of Henry Fielding, Esq;"
pst.000020016531,1784,1784,1784,,bio,v.2,,,<blank>,A new and general biographical dictionary
uc2.ark+=13960=t1bk1mw6d,1780,1780,1780,,bio,<blank>,,,<blank>,"The Biographical Dictionary; or, Complete historic library"
nnc1.cu09367209,1785,1785,1785,,bio,v.1,,,"Campbell, John,",Biographia nautica
uc2.ark+=13960=t1zc86m9g,1785,1785,1785,,bio,v.004,,,"Campbell, John,",Lives of the British admirals
nyp.33433082389507,1786,1786,1786,,bio,<blank>,,,<blank>,Memoirs of the northern imposter; or prince of swindlers
EquiOCVbio,1789,1789,1764,,bio,,,,"Equiano, Olaudah, b. 1745,",CHAP. VII.
njp.32101073816660,1787,1787,1787,,bio,vol.2,,,"Noble, Mark,",Memoirs of the protectoral-house of Cromwell;
hvd.hxj3ay,1789,1789,1789,,bio,v.10,,,Frederick,"Posthumous works of Frederic II, king of Prussia"
BoswJLS2bio,1791,1791,1740,,bio,,,,"Boswell, James,",THE LIFE OF SAMUEL JOHNSON LL. D. COMPREHENDING AN ACCOUNT OF HIS STUDIES AND NUMEROUS WORKS IN CHRONOLOGICAL ORDER; A SERIES OF HIS EPISTOLARY CORRESPONDENCE AND CONVERSATIONS WITH MANY EMINENT PERSONS; AND VARIOUS ORIGINAL PIECES OF HIS COMPOSITION NEVER BEFORE PUBLISHED. THE WHOLE EXHIBITING A VIEW OF LITERATURE AND LITERARY MEN IN GREAT-BRITAIN FOR NEAR HALF A CENTURY DURING WHICH HE FLOURISHED. IN TWO VOLUMES. BY JAMES BOSWELL ESQ.
mdp.39015058478101,1794,1794,1794,,bio,v.1,,,"Williams, Helen Maria,",Williams's letters
nnc1.1002661225,1792,1792,1792,,bio,v.1-2,,,"Zimmermann, Johann Georg,","Select views of the life, reign, and character of Frederick the Great, King of Prussia"
mdp.39015031977302,1790,1790,1790,,bio,v.4,,,"Wilkinson, Tate,",Memoirs of his own life
nyp.33433008488326,1794,1794,1794,,bio,v. 6,,,"Charnock, John,","Biographia navalis; or, Impartial memoirs of the lives and characters of officers of the navy of Great Britain, from the year 1660 to the present time;"
mdp.39015063867033,1792,1792,1792,,bio,v.1,,,"Robinson, Thomas,",Scripture characters;
HeatWMMbio,1798,1798,1737,,bio,,,,"Heath, William,",MEMOIRS OF MAJOR-GENERAL HEATH. CONTAINING ANECDOTES DETAILS of SKIRMISHES BATTLES and other MILITARY EVENTS DURING THE AMERICAN WAR. WRITTEN BY HIMSELF.
uva.x001475970,1799,1799,1799,,bio,V.5,,,"Ariosto, Lodovico,",Orlando furioso
hvd.hn27x7,1795,1795,1795,,bio,<blank>,,,"Bownas, Samuel,","An account of the life, travels, and Christian experiences in the work of the ministry of Samuel Bownas"
njp.32101066875640,1798,1798,1798,,bio,v.3,,,Plutarch.,Plutarch's Lives
njp.32101073597179,1797,1797,1797,,bio,vol.1,,,"Hove, Nicholaas Ten.",Memoirs of the house of Medici
mdp.39015033579635,1796,1796,1796,,bio,v.3,,,"Dumouriez, Charles François Du Périer,",The life of General Dumouriez
nyp.33433082360664,1803,1803,1803,,bio,v. 2,,,"Godwin, William,","Life of Geoffrey Chaucer, the early English poet"
hvd.hxphxt,1803,1803,1803,,bio,v.3,,,"Hays, Mary,",Female biography;
yale.39002032545460,1804,1804,1804,,bio,v.5,,,"Beatson, Robert,","Naval and military memoirs of Great Britain, from 1727 to 1783"
nyp.33433082334974,1804,1804,1804,,bio,<blank>,,,"Van Ness, William Peter,","The speeches at full length of Mr. Van Ness, Mr. Caines"
mdp.39015065103650,1801,1801,1801,,bio,v.1,,,"MacLaurin, Colin,",A treatise on fluxions
nyp.33433082414719,1804,1804,1804,,bio,v. 1,,,"Marshall, John,",The life of George Washington
mdp.39015067116650,1809,1809,1809,,bio,<blank>,,,"[Porter, Robert Ker]",Letters from Portugal and Spain
njp.32101038142988,1805,1805,1805,,bio,<blank>,,,"Johnson, Samuel,",The lives of the most eminent English poets
mdp.39015063610631,1805,1805,1805,,bio,v.2,,,Stewarton.,The female revolutionary Plutarch
nyp.33433081620100,1809,1809,1809,,bio,v.1,,,"Pliny,",The letters of Pliny the Consul
hvd.hwbfn3,1805,1805,1805,,bio,v.4,,,"Marmontel, Jean-François,",Memoirs of Marmontel
nyp.33433068290513,1806,1806,1806,,bio,v. 6,,,"Roscoe, William,",The life and pontificate of Leo the Tenth
loc.ark+=13960=t1mg7pg15,1812,1812,1812,,bio,<blank>,,,"[Raguet, Condy],","A masonic oration on the death of Brother William S. Bush, lieutenant of marines, who was killed on board the frigate Constitution, during her engagement with the British frigate Guerrier, on the 19th August, 1812"
loc.ark+=13960=t74t75385,1813,1813,1813,,bio,<blank>,,,"Williams, Charles Verulam. [from old catalog]",The life administration of the Right Hon. Spencer Perceval;
hvd.hwriwy,1814,1814,1814,,bio,<blank>,,,"Berwick, Edward,","Lives of Caius Asinius Pollio, Marcus Terentius Varro, and Cneius Cornelius Gallus;"
mdp.39015073763511,1810,1810,1810,,bio,v.1,,,"Almon, John,","Anecdotes of the life of the Right Honourable William Pitt, earl of Chatham"
hvd.hxjf9g,1810,1810,1810,,bio,v.1,,,"Almon, John,","Anecdotes of the life of the Right Hon. William Pitt, earl of Chatham, and of the principal events of his time"
mdp.39015023169579,1812,1812,1812,,bio,v.21,,,<blank>,The General biographical dictionary
uc2.ark+=13960=t41r6rc41,1816,1816,1816,,bio,v.2,,,"Poplicola, Demodocus,","John Bull's Bible; or, Memoirs of the stewardship and stewards of John Bull's manor of Great Albion"
hvd.32044077912624,1818,1818,1818,,bio,<blank>,,,"Rogers, Hester Ann,",An account of the experience of Mrs. H.A. Rogers
uc2.ark+=13960=t0xp78q1x,1818,1818,1818,,bio,v.07 pt.02,,,"Aikin, John,",General biography;
mdp.39015008355854,1815,1815,1815,,bio,v.1,,,"Coxe, William,","Memoirs of the kings of Spain of the House of Bourbon, from the accession of Philip V. to the death of Charles III. 1700 to 1788"
nyp.33433082347562,1819,1819,1819,,bio,<blank>,,,<blank>,Authentic memoirs of the lives of Mr. and Mrs. Coutts
nyp.33433082337233,1815,1815,1815,,bio,<blank>,,,"Barrington, Shute,","The political life of William Wildman, viscount Barrington"
wu.89096294442,1820,1820,1820,,bio,v.2,,,"Andrewes, J.",The memoirs of the life and reign of George the Third
nnc2.ark+=13960=t3tt4p498,1820,1820,1820,,bio,1820,,,"Taylor, Adam,",Memoirs of the Rev. Dan Taylor
mdp.39015078562199,1823,1823,1823,,bio,<blank>,,,"Longueville, Peter,","The adventures of Philip Quarll, the English hermit, who was discovered by Mr. Dorrington on an uninhabited island, where he lived for fifty years"
hvd.hn4yhh,1823,1823,1823,,bio,<blank>,,,"Thacher, James,","A military journal during the American revolutionary war, from 1775 to 1783"
nyp.33433068203680,1824,1824,1824,,bio,v. 3,,,"Knox, Vicesimus,","The works of Vicesimus Knox, D. D"
nyp.33433082354279,1823,1823,1823,,bio,<blank>,,,"Tytler, Patrick Fraser,",An account of the life and writings of Sir Thomas Craig of Riccarton
hvd.hwp2rl,1827,1827,1827,,bio,3,,,"Scott, Walter,","The life of Napoleon Bonaparte, emperor of the French"
hvd.32044004635306,1826,1826,1826,,bio,<blank>,,,"Babbage, Charles,",A comparative view of the various institutions for the assurance of lives
njp.32101067483790,1826,1826,1826,,bio,v.9,,,<blank>,Autobiography;
uc1.b296699,1829,1829,1829,,bio,v.2,,,"Jefferson, Thomas,","Memoir, correspondence, and miscellanies"
hvd.hwka6x,1828,1828,1828,,bio,v.3,,,"Hazlitt, William,",The life of Napoleon Buonaparte
yale.39002030972153,1829,1829,1829,,bio,v. 1,,,"Blakiston, John,","Twelve years' military adventure in three quarters of the globe or, Memoirs of an officer who served in the armies of His Majesty and of the East India Company, between the years 1802 and 1814"
loc.ark+=13960=t3611fb1j,1834,1834,1834,,bio,<blank>,,,"[Saint-George, A.,","A sketch of the life of the illustrious Washington, first president of the United States of America"
hvd.32044011632619,1830,1830,1830,,bio,v.1,,,"Chambers, Robert,",The life of King James the First
nyp.33433082363692,1831,1831,1831,,bio,v. 1,,,"Rutt, John Towill,","Life and correspondence of Joseph Priestley, LL.D., F.R.S., &c"
uc2.ark+=13960=t6251n476,1831,1831,1831,,bio,v.1,,,"Boaden, James,",The life of Mrs. Jordan;
nnc1.50181429,1831,1831,1831,,bio,v.1,,,"Stapleton, Augustus Granville,","The political life of the Right Honourable George Canning, from"
nyp.33433082376306,1831,1831,1831,,bio,v. 5,,,"Boswell, James,","The life of Samuel Johnson, LL.D"
loc.ark+=13960=t0cv4mm0v,1838,1838,1838,,bio,<blank>,,,"Graham, James,","Speech of Mr. James Graham, of North Carolina, on the bill making an appropriation to prevent and suppress Indian hostilities"
dul1.ark+=13960=t4cn81m1v,1835,1835,1835,,bio,<blank>,,,"Beckford, William,",Recollections of an excursion to the monasteries of Alcobaça and Batalha
nyp.33433076073026,1839,1839,1839,,bio,v. 2,,,"Burke, Edmund,",The works of Edmund Burke
nyp.33433076080021,1836,1836,1836,,bio,v. 2,,,"Bentley, Richard,",The works of Richard Bentley
uva.x001273041,1839,1839,1839,,bio,V.3,,,"Donne, John,",The works of John Donne
mdp.39015073747266,1836,1836,1836,,bio,v.1,,,"Mackintosh, James,",Memoirs of the life of the Right Honourable Sir James Mackintosh
wu.89054437066,1843,1843,1843,,bio,<blank>,,,"Raimbach, Abraham,","Memoirs and recollections of the late Abraham Raimbach, esq., engraver"
nyp.33433082364781,1844,1844,1844,,bio,<blank>,,,"Follen, Eliza Lee Cabot,",The life of Charles Follen
nyp.33433008495362,1840,1840,1840,,bio,<blank>,,,"Murrell, William Meacham.",Cruise of the frigate Columbia around the world
nyp.33433067285340,1842,1842,1842,,bio,v. 2,,,"Taylor, W. C.",Romantic biography of the age of Elizabeth;
nyp.33433068233216,1844,1844,1844,,bio,v. 5-6,,,<blank>,Lives of the English saints
yale.39002005799243,1840,1840,1840,,bio,v.1,,,"Romilly, Samuel,",Memoirs of the life of Sir Samuel Romilly
loc.ark+=13960=t8x92n44t,1848,1848,1848,,bio,<blank>,,,"Tochman, G.","An exposé of the conduct of Joseph H. Bradley of Washington, D.C., counsellor ""employed by the imperial Russian legation,"" towards Major G. Tochman, of New York, counsellor retained by the next of kin and heirs at law of Gen. Thadeus Kosciusko"
njp.32101058596519,1845,1845,1845,,bio,v.2,,,"Paulding, James Kirke,",A life of Washington
loc.ark+=13960=t2q52q870,1848,1848,1848,,bio,<blank>,,,"Smith, Truman,","Remarks of Mr Tryman Smith, of Conn., on the imputations of N. B. Blunt, esq., of the city of New York"
uc2.ark+=13960=t2g73kg7x,1848,1848,1848,,bio,v.2,,,"Maceroni, Francis,",Memoirs of the life and adventures of Colonel Maceroni
yale.39002071560305,1848,1848,1848,,bio,<blank>,,,"Cutter, William,","The life of Israel Putnam, major-general in the Army of the American Revolution"
loc.ark+=13960=t0ht2qz73,1848,1848,1848,,bio,<blank>,,,<blank>,Taylor and his generals
loc.ark+=13960=t57d37g75,1853,1853,1853,,bio,<blank>,,,"Hopkins, Mark,",A discourse commemorative of Amos Lawrence
uc2.ark+=13960=t21c1vq9x,1853,1853,1853,,bio,<blank>,,,"Whiting, Sydney.",Memoirs of a stomach
yale.39002007705933,1853,1853,1853,,bio,<blank>,,,"Croswell, Harry,","A memoir of the late Rev. William Croswell, D.D"
nyp.33433069321556,1852,1852,1852,,bio,v. 1,,,"Le Normand, Marie Anne Adélaïde,",Historical and secret memoirs of the Empress Josephine
nyp.33433070296318,1853,1853,1853,,bio,<blank>,,,"Gavazzi, Alessandro,",Father Gavazzi's lectures in New York
mdp.35112101783647,1852,1852,1852,,bio,pt. 2/3,,,"Livingston, John","Biographical sketches of eminent American lawyers, now living"
nyp.33433082348008,1858,1858,1858,,bio,v. 2,,,"Metcalfe, Charles Theophilus Metcalfe,","The life and correspondence of Charles, Lord Metcalfe"
nyp.33433082397039,1859,1859,1859,,bio,<blank>,,,"Custis, George Washington Parke,",Recollections and private memoirs of Washington
mdp.39015066358394,1857,1857,1857,,bio,v.4,,,"Saint-Simon, Louis de Rouvroy,",The memoirs of the Duke of Saint Simon on the reign of Louis XIV. and the regency;
yale.39002060927275,1859,1859,1859,,bio,<blank>,,,"Griswold, Rufus W.","The republican court, or, American society in the days of Washington"
inu.32000010022269,1855,1855,1855,,bio,v.8,,,"Cunningham, George Godfrey.",A history of England in the lives of Englishmen
wu.89097319586,1855,1855,1855,,bio,v.1,,,"Braithwaite, J. Bevan",Memoirs of Joseph John Gurney;
loc.ark+=13960=t8gf0x21c,1860,1860,1860,,bio,<blank>,,,"Ferry, Orris Sanford,","Speech of Orris S. Ferry, of Connecticut"
njp.32101066458041,1860,1860,1860,,bio,<blank>,,,"Johnston, Algernon Sidney,",Memoirs of a nullifier
uc2.ark+=13960=t9d50jg13,1863,1863,1863,,bio,<blank>,,,"Poel, Emma.",Life of Amelia Wilhelmina Sieveking
njp.32101067174092,1861,1861,1861,,bio,v.1,,,"Lockhart, J. G.","Memoirs of the life of Sir Walter Scott, Bart"
uc1.b2969506,1861,1861,1861,,bio,v. 10,,,"Hook, Walter Farquhar,",Lives of the archbishops of Canterbury
nnc2.ark+=13960=t05x2cs3q,1863,1863,1863,,bio,v. 3 [1863-68],,,"Cunningham, George Godfrey.",The English nation;
loc.ark+=13960=t8tb17j86,1865,1865,1865,,bio,<blank>,,,"Bain, John Wallace,",National lessons from the life and death of President Lincoln
nyp.33433082359757,1869,1869,1869,,bio,<blank>,,,<blank>,In memoriam; Mary Elizabeth Perry
mdp.39015066053763,1866,1866,1866,,bio,v.2,,,"Johnson, Samuel,",Lives of the most eminent English poets
nyp.33433082337209,1868,1868,1868,,bio,<blank>,,,"Bisbee, Herman.",Memoir of Rev. Seth Barnes
nyp.33433082409503,1869,1869,1869,,bio,<blank>,,,"Gibbon, Edward,","The autobiography and correspondence of Edward Gibbon, the historian"
loc.ark+=13960=t3mw2js8q,1865,1865,1865,,bio,<blank>,,,"Niles, Henry Edward,",Address of Rev. H. E. Niles
uc1.b80758,1873,1873,1873,,bio,v.2,,,"Fitzgerald, Percy Hetherington,",Life and adventures of Alexander Dumas
njp.32101068175585,1873,1873,1873,,bio,<blank>,,,"Calvert, George Henry,",Mirabeau
nnc1.cr59965312,1874,1874,1874,,bio,<blank>,,,"Spaulding, John,",From the plow to the pulpit
nyp.33433082533708,1873,1873,1873,,bio,<blank>,,,"Stevenson, William Fleming,",Praying and working;
uva.x002404077,1870,1870,1870,,bio,v.2,,,"Mitford, Mary Russell,",The life of Mary Russell Mitford
umn.31951002162048g,1872,1872,1872,,bio,<blank>,,,"Vaux, Thomas Vaux,","The poems of Thomas, lord Vaux: (died 1562) Edward, earl of Oxford: (died 1694) Robert, earl of Essex: (died 1601.) and Walter, earl of Essex: (died 1576.)"
inu.32000002845891,1876,1876,1876,,bio,<blank>,,,"Bogart, W. H.",Daniel Boone and the hunters of Kentucky
loc.ark+=13960=t9s184c87,1879,1879,1879,,bio,<blank>,,,"Blake, Mortimer,","A history of the town of Franklin, Mass.;"
loc.ark+=13960=t8jd5hj87,1876,1876,1876,,bio,<blank>,,,"Cooke, John Esten,",Stonewall Jackson: a military biography
yale.39002002907450,1878,1878,1878,,bio,<blank>,,,"Wells, James M.",The Chisolm massacre
uiuo.ark+=13960=t9w08zp3c,1876,1876,1876,,bio,<blank>,,,"Power, John Carroll,","History of the early settlers of Sangamon County, Illinois"
uc1.b61032,1876,1876,1876,,bio,<blank>,,,"Sherman, William T.",Memoirs of General William T. Sherman
njp.32101066452002,1881,1881,1881,,bio,<blank>,,,"Cheney, Ednah Dow Littlehale,","Memoir of Seth W. Cheney, artist"
mdp.39015074813422,1883,1883,1883,,bio,v.2,,,"Omond, George William Thomson,",The lord advocates of Scotland from the close of the fifteenth century to the passing of the reform bill
uc2.ark+=13960=t0zp3wk6s,1882,1882,1882,,bio,<blank>,,,"Douglass, Frederick,","Life and times of Frederick Douglass, written by himself"
uc1.b3286063,1880,1880,1880,,bio,v. 3,,,<blank>,The Cabinet of Irish literature
nyp.33433081921508,1882,1882,1882,,bio,<blank>,,,<blank>,"The History of Daviess County, Missouri"
njp.32101007988437,1883,1883,1883,,bio,v.1,,,"Burke, Bernard,",Vicissitudes of families
uiuo.ark+=13960=t8ff3wb4t,1888,1888,1888,,bio,<blank>,,,"Slade, H.",The life and labors of the late Rev. William Stevens Balch
loc.ark+=13960=t1tf0305n,1887,1887,1887,,bio,<blank>,,,"Ham, H. W. J.",Representative Georgians
uc2.ark+=13960=t4mk66j08,1886,1886,1886,,bio,<blank>,,,"Brewin, Robert.",The martyrs of Golbanti
uc2.ark+=13960=t37080t31,1885,1885,1885,,bio,<blank>,,,"Wright, Augustine W.","In memoriam, John S. Wright"
wu.89100134345,1887,1887,1887,,bio,v.3,,,"Pardoe,","Louis the Fourteenth, and the court of France in the seventeenth century"
loc.ark+=13960=t24b3vz21,1886,1886,1886,,bio,<blank>,,,"Walter, James.","History and descriptive details of Middleton's portraits of Mary, the mother of Washington, and Mary Phillipse (Washington's early love)"
mdp.39015063817236,1891,1891,1891,,bio,<blank>,,,"Prior, James,",A life of Edmund Burke
uc2.ark+=13960=t6j10312d,1890,1890,1890,,bio,v.31,,,"Dickens, Charles,",Dicken's works
uc2.ark+=13960=fk20c4sr5s,1892,1892,1892,,bio,<blank>,,,"Franklin, Benjamin,",The autobiography of Benjamin Franklin. (Complete.)
umn.31951001786789g,1894,1894,1894,,bio,<blank>,,,"Hinton, Richard J.",John Brown and his men; with some account of the roads they traveled to reach Harper's Ferry
uc1.b4071521,1891,1891,1891,,bio,<blank>,,,"Steele, Sarah L.",The Right Honourable Arthur Macmurrough Kavanagh
loc.ark+=13960=t6xw4j238,1891,1891,1891,,bio,<blank>,,,"Maynard, Nettie Colburn,",Was Abraham Lincoln a spiritualist?
nyp.33433082507611,1899,1899,1899,,bio,<blank>,,,"Jones, Charles Jesse,",Buffalo Jones' forty years of adventure
uiuo.ark+=13960=t6542qz1v,1896,1896,1896,,bio,<blank>,,,"Brooks, Elbridge S.","The true story of Abraham Lincoln, the American"
umn.31951001515829j,1896,1896,1896,,bio,<blank>,,,"Ingram, Henry Atlee.",The life and character of Stephen Girard
uc1.b3335121,1895,1895,1895,,bio,v. 1,,,"Brown, Peter Hume,",John Knox
nyp.33433081786380,1896,1896,1896,,bio,<blank>,,,<blank>,A Pastor's 25th and a church's 150th anniversary
yale.39002089542022,1896,1896,1896,,bio,v.2,,,"Seton, George,",A history of the family of Seton during eight centuries
uc2.ark+=13960=t6f18w41w,1900,1900,1900,,bio,v.015,,,"Bacon, Francis,",The works of Francis Bacon
uc2.ark+=13960=t6tx38r5x,1900,1900,1900,,bio,v.02,,,"Gronow, R. H.",The reminiscences and recollections of Captain Gronow;
mdp.35112103490399,1900,1900,1900,,bio,<blank>,,,"Graves, Benjamin Franklin,",Isaac P. Christiancy
uc1.b4284149,1904,1904,1904,,bio,v. 3,,,<blank>,Grove's dictionary of music and musicians
nyp.33433082380985,1900,1900,1900,,bio,<blank>,,,"Johnson, Wolcott Howe,","Samuel Johnson, a memorial: March 20, 1826-August 13, 1899"
nyp.33433082193750,1900,1900,1900,,bio,"pt. 2, v. 1",,,Plutarch.,Plutarch's Lives of illustrious men;
uc1.b3579129,1905,1905,1905,,bio,<blank>,,,"Shorter, Clement King,",Charlotte Brontë and her sisters
uc1.31822023205735,1906,1906,1906,,bio,<blank>,,,"Pratt, A. E.",Two years among New Guinea cannibals
uc2.ark+=13960=t2v40x972,1908,1908,1908,,bio,<blank>,,,"Moore, Frank Frankfort,",A Georgian pageant
uc2.ark+=13960=t6g16248w,1909,1909,1909,,bio,v.01,,,"Paston, George,","Mr. Pope, his life and times"
mdp.39015049803367,1908,1908,1908,,bio,v.1,,,"Brougham and Vaux, Henry Brougham,",Brougham and his early friends
njp.32101068979705,1906,1906,1906,,bio,<blank>,,,"Green, Richard,",The works of John and Charles Wesley
mdp.39015012307685,1912,1912,1912,,bio,V.1,,,"Ward, Wilfrid,","The life of John Henry, cardinal Newman, based on his private journals and correspondence"
mdp.39015056598546,1913,1913,1913,,bio,<blank>,,,"Trevelyan, George Macaulay,",The life of John Bright
mdp.39015071217064,1912,1912,1912,,bio,v.1,,,"Rowland, O. W.","A history of Van Buren County, Michigan"
uc1.b3025125,1913,1913,1913,,bio,v. 6,,,"Grisar, Hartmann,",Luther
mdp.39015028185497,1911,1911,1911,,bio,<blank>,,,"Morison, Theodore,","The life of Sir Edward Fitzgerald Law, K.C.S.I., K.C.M.G"
mdp.39015071339090,1914,1914,1914,,bio,<blank>,,,"Pollen, T. J.",History of Frankenmuth
uc2.ark+=13960=t3319v38v,1916,1916,1916,,bio,<blank>,,,"Poole, Murray Edward,",A story historical of Cornell University
mdp.39015027759516,1916,1916,1916,,bio,<blank>,,,"Van Winkle, Edward,","Manhattan, 1624-1639"
wu.89098855596,1915,1915,1915,,bio,<blank>,,,"Whiting, Lilian,",Women who have ennobled life
mdp.39015000547490,1917,1917,1917,,bio,<blank>,,,"Poe, Edgar Allan,",The poems of Edgar Allan Poe
miun.ars5161.0001.001,1915,1915,1915,,bio,<blank>,,,<blank>,Michigan
uc2.ark+=13960=t76t0pv1t,1919,1919,1919,,bio,<blank>,,,"Putnam, Natalie Alden.","Edward MacDowell, reminiscences and romance"
mdp.39015031924478,1921,1921,1921,,bio,<blank>,,,"Atkinson, Christopher Thomas.",Marlborough and the rise of the British army
mdp.39015025917967,1920,1920,1920,,bio,<blank>,,,"Gore, James Howard,",American Legionnaires of France;
mdp.39015027179103,1922,1922,1922,,bio,<blank>,,,"Tarr, Frederick Courtney,",Prepositional complementary clauses in Spanish with special reference to the works op [!] Pérez Galdós
mdp.39015030971330,1921,1921,1921,,bio,v.8,,,<blank>,"The Dictionary of national biography, founded in 1882 by George Smith"
mdp.39015059409915,1923,1923,1866,,bio,,,,"McArthur, Peter,",Peter McArthur
loc.ark+=13960=t13n28971,1922,1922,1922,,bio,<blank>,,,"McSpadden, J. Walker",The story of Abraham Lincoln
mdp.39015010869140,1926,1926,1852,,bio,,,,"O'Brien, William,",The Parnell of real life
mdp.39015030641024,1928,1928,1880,,bio,,,,"baroness, Pentland, Marjorie Adeline (Gordon) Sinclair,","The Right Honourable John Sinclair, Lord Pentland, G.C.S.I.;"
mdp.39015002387374,1925,1925,1841,,bio,,,,"Hudson, W. H. (William Henry),","Men, books and birds"
mdp.39015059389497,1927,1927,1892,,bio,,,,"King, Joseph Leonard,",Dr. George William Bagby;
mdp.39015005904183,1928,1928,1862,,bio,,,,"MacDonagh, Michael,","The life of William O'Brien, the Irish nationalist;"
mdp.39015074813711,1928,1928,1882,,bio,,,,"Drinkwater, John,",Charles James Fox
mdp.39015031936175,1932,1932,1891,,bio,,,,"Dobrée, Bonamy,","William Penn, Quaker and pioneer"
mdp.39015039231074,1932,1932,1897,,bio,,,,"Armfield, Anne Constance (Smedley)",Grace Darling and her times
mdp.39015059499973,1931,1931,1903,,bio,,,,"Waldron, Malcolm Thomas,",Snow man;
mdp.39015059422637,1931,1931,1859,,bio,,,,"Van Dyke, Paul,","George Washington, the son of his country, 1732-1775"
mdp.39015013270387,1933,1933,1889,,bio,,,,"Birrell, Francis,",Gladstone
mdp.39015080323846,1930,1930,1895,,bio,,,,"McDermott, F.","William Penn, Thomas Gray, and an account of the historical associations of Stoke Poges"
mdp.39015026783889,1939,1939,1885,,bio,,,,"Jovichić, Lenka A.,",The biography of a Serbian diplomat
mdp.39015063817608,1937,1937,1872,,bio,,,,"Sir, bart.], [Young, George,",Poor Fred;
mdp.39015020815042,1938,1938,1874,,bio,,,,"Britt, Albert,",Great Indian chiefs;
mdp.39015030654332,1935,1935,1862,,bio,,,,"Mackenzie, W. C. (William Cook),",Andrew Fletcher of Saltoun
mdp.39015022656618,1935,1935,1900,,bio,,,,"Hinchley, Edith M.","John William Hinchley, chemical engineer"
uc1.$b756960,1939,1939,1870,,bio,,,,"Tayler, Alistair Norwich,",John Graham of Claverhouse
mdp.39015063818994,1944,1944,1886,,bio,,,,"Dickson, Charles,",The life of Michael Dwyer
wu.89060396645,1941,1941,1909,,bio,,,,"Ford, Clellan S. (Clellan Stearns),",Smoke from their fires;
mdp.39015065863600,1942,1942,1889,,bio,v.2,,,"2d Marquis of, Reading, Gerald Rufus Isaacs,","Rufus Isaacs, first marquess of Reading, P. C., G. C. B., G. C. S. I., G. C. I. E., G. C. V. O"
mdp.39015004186998,1944,1944,1871,,bio,,,,"Baron, Ponsonby, Arthur Ponsonby,","Henry Ponsonby, Queen Victoria's private secretary; his life from his letters"
mdp.39015059479868,1944,1944,1889,,bio,,,,"Underhill, Frank H. (Frank Hawkins),","James Shaver Woodsworth, untypical Canadian;"
mdp.39015035872152,1940,1940,1892,,bio,,,,"Long, John Cuthbert,",Mr. Pitt and America's birthright;
mdp.39015013000883,1946,1946,1871,,bio,,,,"Hühner, Leon,",The life of Judah Touro (1775-1854)
mdp.39015025814230,1949,1949,1898,,bio,,,,"Blackburn, Barbara,","Noble lord, the life of the Seventh Earl of Shaftesbury"
mdp.39015023178356,1946,1946,1891,,bio,,,,"McCullough, Bruce Welker,",Representative English novelists: Defoe to Conrad
mdp.39015010329574,1948,1948,1894,,bio,,,,"Reynolds, Ernest Edwin,",Edmund Burke;
mdp.39015063783081,1949,1949,1914,,bio,,,,"Estorick, Eric.",Stafford Cripps
mdp.39015030643590,1948,1948,1889,,bio,,,,"Adam, Colin Gurdon Forbes,",Life of Lord Lloyd
uc1.$b751011,1953,1953,1918,,bio,,,,"Cowles, Virginia.",Winston Churchill;
mdp.39015046811637,1954,1954,1882,,bio,,,,"Stewart, Herbert Leslie,",Sir Winston Churchill as writer and speaker
uc1.b3516535,1951,1951,1907,,bio,,,,"Ewen, David,",The story of Arturo Toscanini
uc1.b3727717,1952,1952,1903,,bio,,,,"baron, Francis-Williams, Edward Francis Williams,","Ernest Bevin, portrait of a great Englishman"
mdp.39015015199824,1950,1950,1899,,bio,,,,"Garst, Shannon,",Crazy Horse
mdp.39015031904405,1951,1951,1890,,bio,,,,"Thompson, Walter Henry,",I was Churchill's shadow
mdp.39015006565942,1957,1957,1900,,bio,,,,"Butterfield, Herbert,",George III and the historians
mdp.39015005721124,1955,1955,1920,,bio,,,,"Lewis, Lionel Smithett.",St. Joseph of Arimathea at Glastonbury;
mdp.39015046819168,1957,1957,1880,,bio,,,,"Noyes, Alfred,",The accusing ghost of Roger Casement
mdp.39015010378225,1959,1959,1881,,bio,,,,"Colum, Padraic,",Arthur Griffith
mdp.39015065167432,1955,1955,1910,,bio,,,,"Moorehead, Alan,",Winston Churchill in trial and triumph
inu.32000009828247,1955,1955,1905,,bio,,,,"Owen, Frank,",Tempestuous journey;
mdp.39015003636308,1963,1963,1928,,bio,,,,"Norris, John M.",Shelburne and reform
mdp.39015002247545,1964,1964,1909,,bio,,,,"Berlin, Isaiah,",Mr. Churchill in 1940
mdp.39015065840236,1962,1962,1902,,bio,,,,"Sir, Wheeler-Bennett, John Wheeler,","John Anderson, viscount Waverley"
mdp.39015012969377,1962,1962,1927,,bio,,,,"Mirrlees, Hope.",A fly in amber
mdp.39015030745742,1963,1963,1928,,bio,,,,"Small, Miriam Rossiter.",Oliver Wendell Holmes
inu.32000009830789,1960,1960,1925,,bio,,,,"Sommer, Dudley.",Haldane of Cloan
mdp.39015065567565,1969,1969,1935,,bio,,,,"Verma, Amar Nath,",Recollections of and about Mahatma Gandhi
uc1.$b755723,1965,1965,1930,,bio,,,,"Lynch, Kathleen Martha",Roger Boyle
uc1.b3660566,1968,1968,1933,,bio,,,,"Thoumine, R. H.",Scientific soldier
uc1.$b751002,1969,1969,1906,,bio,,,,"Farrer, David,",G - for God almighty
mdp.39015074198451,1969,1969,1934,,bio,,,,"Cronon, Edmund David.",Black Moses
mdp.39015045550913,1965,1965,1908,,bio,,,,"Poynter, F. N. L. (Frederick Noël Lawrence),",Gideon Delaune and his family circle
mdp.39015007833356,1972,1972,1937,,bio,,,,"Grew, Eva.",Bach
uc1.b4311325,1973,1973,1938,,bio,,,,"Fraser, Peter.",Lord Esher; a political biography
mdp.39015002982729,1974,1974,1939,,bio,,,,"Dunleavy, Gareth W.",Douglas Hyde
gri.ark+=13960=t6j12tp88,1970,1970,1912,,bio,,,,"Hill, Christopher,",God's Englishman;
mdp.39015001661415,1974,1974,1939,,bio,,,,"Macpherson, Fergus.",Kenneth Kaunda of Zambia
mdp.39015005188019,1972,1972,1930,,bio,,,,"McNeal, Robert Hatch,",Bride of the revolution;
mdp.39015046869163,1975,1975,1940,,bio,,,,"Davis, Burke.",George Washington and the American Revolution
uc1.32106011960744,1978,1978,1920,,bio,,,,"Freedman, Ralph,",Hermann Hesse
mdp.39015046371616,1978,1978,1943,,bio,,,,"Bernstein, Hilda.",No. 46 -- Steve Biko
mdp.39015027325532,1979,1979,1944,,bio,,,,"Aronson, Theo.",Kings over the water
mdp.39015027236689,1977,1977,1923,,bio,,,,"Lyons, F. S. L. (Francis Stewart Leland),",Charles Stewart Parnell
mdp.39015027254799,1978,1978,1943,,bio,,,,"Hart, Michael H.",The 100
uc1.b4236956,1983,1983,1948,,bio,,,,"Lindsey, Robert.",The flight of the Falcon
mdp.39015010911124,1982,1982,1947,,bio,,,,"Strozier, Charles B.",Lincoln's quest for union
mdp.39015007877502,1983,1983,1948,,bio,,,,"Rayner, Clare G.","A little-known seventeenth-century composer, Christopher Gibbons (1615-1676)"
mdp.39015001099657,1982,1982,1947,,bio,,,,"O'Donoghue, Frances.",The Bishop of Botany Bay
mdp.39015005554301,1983,1983,1948,,bio,,,,"Tolstoy, Nikolai.",The Tolstoys
mdp.39015009013445,1980,1980,1934,,bio,,,,"Santha, K. S. (Kidambi Srinivasa),",Begums of Awadh
mdp.39015033971378,1994,1994,1959,,bio,,,,,A glass of green tea-- with Honig
uc1.b4401325,1992,1992,1957,,bio,,,,"Brizendine, Curtis Hansman.",Cloudy mountains
uc1.b4505437,1982,1982,1939,,bio,,,,"Miller, Darlis A.,",The California Column in New Mexico
mdp.39015007889010,1980,1980,1945,,bio,,,,"Keys, Ivor Christopher Banfield.",Mozart
mdp.39076000815733,1980,1980,1945,,bio,,,,"Summers, Claude J.",Christopher Isherwood
uc1.31822004854014,1982,1982,1947,,bio,,,,"Camp, Roderic Ai","Mexican political biographies, 1935-1981"
uc1.b3899269,1983,1983,1898,,bio,,,,"McGill, Ralph,",Southern encounters
mdp.39015017058309,1981,1981,1946,,bio,v.1,,,"Naumann, Otto.",Frans van Mieris (1635-1681) the Elder
mdp.39015011495200,1982,1982,1947,,bio,,,,"Dunlop, Richard.","Donovan, America's master spy"
mdp.39015047665321,1981,1981,1952,,bio,,,,"Chadha, Kumkum,",The crucifixion
uc1.b4531759,1984,1984,1937,,bio,,,,"Sheehan, Susan,",Kate Quinton's days
mdp.39015007947453,1983,1983,1948,,bio,,,,"Turing, Penelope.",Hans Hotter
mdp.39015001166043,1982,1982,1947,,bio,,,,"Bloch, Michael.",The Duke of Windsor's war
mdp.39015011571331,1982,1982,1937,,bio,,,,"Nashat, Guity,","The origins of modern reform in Iran,1870-80"
mdp.39015008400262,1981,1981,1930,,bio,,,,"Puryear, Edgar F.,",Stars in flight
mdp.39015016859632,1981,1981,1946,,bio,no.12,,,"McGreevy, Linda F.",The life and works of Otto Dix
mdp.39015002614413,1981,1981,1946,,bio,,,,"Moore, Jack B.",W.E.B. Du Bois
mdp.39015005296093,1983,1983,1948,,bio,,,,"Paper, Lewis J.",Brandeis
